NAME,CORE MATCHES,% CORE FAMILIES,% NON-CORE,GENOME LENGTH,N50,NO. CONTIGS,NON-ATCG,% GC CONTENT
ERR1204814,1972,100,61.3,5555095,220017,69,588,57.2
ERR1204815,1972,100,61.1,5528525,390939,40,595,57.2
ERR1204817,1972,100,61.3,5555819,242226,69,392,57.2
ERR1204820,1972,100,61,5508204,232132,53,681,57.3
ERR1204821,1972,100,62.3,5705742,202139,111,491,57.1
ERR1204822,1971,99.9,61.7,5604805,198137,102,778,57.2
ERR1204823,1971,99.9,58.7,5207455,527902,27,483,57.5
ERR1204824,1964,99.6,60.8,5475273,198138,83,684,57.3
ERR1204825,1972,100,61.6,5600536,473825,31,691,57.2
ERR1204826,1972,100,60.5,5446814,242089,61,491,57.3
ERR1204827,1972,100,61.8,5624691,198137,92,780,57.2
ERR1204828,1972,100,58.8,5223167,553003,27,573,57.5
ERR1204829,1972,100,61.2,5540023,177107,73,878,57.3
ERR1204830,1972,100,60.3,5417947,312871,43,588,57.3
ERR1204831,1965,99.6,59.1,5238178,248984,43,778,57.5
ERR1204832,1969,99.8,61.1,5510304,224917,72,388,57.3
ERR1204834,1971,99.9,60.1,5391985,368364,44,682,57.5
ERR1204835,1971,99.9,60.5,5443299,197434,71,487,57.3
ERR1204836,1965,99.6,60.7,5458194,248981,57,595,57.3
ERR1204837,1972,100,60.8,5489668,361202,44,391,57.2
ERR1204839,1971,99.9,60,5376998,224583,55,585,57.4
ERR1204840,1970,99.9,59.6,5324380,322406,44,483,57.4
ERR1204842,1971,99.9,61.4,5564954,134674,99,682,57.3
ERR1204843,1972,100,63.2,5838342,218208,102,1078,56.7
ERR1204844,1972,100,60.8,5489166,349382,46,848,57.4
ERR1204845,1971,99.9,61,5517913,117045,104,590,57.3
ERR1204846,1971,99.9,61.5,5575654,120082,121,584,57.3
ERR1204847,1970,99.9,61.3,5546305,140681,107,583,57.3
ERR1204848,1972,100,61.6,5602470,423916,24,1173,57.1
ERR1204849,1972,100,61.5,5582845,358063,37,659,57
ERR1204850,1972,100,60.1,5385527,483083,49,586,57.5
ERR1204851,1972,100,61.8,5631740,198243,85,671,57.2
ERR1204852,1963,99.5,61,5491098,180141,90,776,57.3
ERR1204854,1972,100,61.3,5550854,159026,92,588,57.3
ERR1204855,1972,100,61.2,5543718,180141,87,824,57.3
ERR1204856,1972,100,61.3,5553450,198137,98,590,57.3
ERR1204857,1963,99.5,61.6,5561562,195050,90,684,57.3
ERR1204858,1972,100,62,5655747,182460,106,867,57.2
ERR1204859,1962,99.5,60.9,5462012,153283,97,609,57.3
ERR1204860,1972,100,60,5377364,333563,54,698,57.3
ERR1204861,1972,100,60.4,5436070,483083,32,683,57.4
ERR1204862,1972,100,61.2,5539645,180336,85,581,57.3
ERR1204863,1972,100,61.3,5560803,202517,86,685,57.3
ERR1204864,1972,100,62.2,5681043,182210,81,678,57.2
ERR1204865,1972,100,61.3,5551662,198137,98,589,57.3
ERR1204866,1972,100,62,5658176,257578,75,686,57.1
ERR1204867,1972,100,61.9,5647642,178126,97,681,57.2
ERR1204868,1972,100,62,5662757,182631,112,651,57.2
ERR1204869,1972,100,60,5374253,153283,114,641,57.4
ERR1204870,1969,99.8,60.3,5417515,376634,46,973,57.4
ERR1204871,1966,99.7,60.4,5416287,126492,100,680,57.4
ERR1204872,1971,99.9,61.4,5568962,301820,48,1272,57.1
ERR1204873,1971,99.9,61.4,5562165,180675,101,689,57.3
ERR1204874,1972,100,61.2,5537379,238290,64,709,57.1
ERR1204875,1971,99.9,61.3,5555269,267899,60,781,57.2
ERR1204876,1964,99.6,60.6,5440743,198236,72,775,57.4
ERR1204877,1970,99.9,61.3,5550541,313354,56,866,57.1
ERR1204878,1972,100,60.9,5492162,411886,48,592,57.1
ERR1204879,1972,100,61.5,5580056,247871,68,786,57.2
ERR1204881,1972,100,60.2,5398517,513538,32,485,57.3
ERR1204882,1970,99.9,61.1,5527665,272160,57,1020,57.3
ERR1204883,1972,100,60.2,5400769,286904,53,1075,57.3
ERR1204885,1972,100,58.6,5193573,391990,32,396,57.6
ERR1204886,1971,99.9,61.6,5598380,379130,50,776,57.2
ERR1204888,1967,99.7,61.5,5569581,181911,72,687,57.1
ERR1204889,1972,100,61.5,5587971,307842,67,680,57.2
ERR1204890,1971,99.9,60,5368714,207659,76,489,57.4
ERR1204891,1972,100,61.1,5522405,251562,76,783,57.3
ERR1204892,1972,100,61.2,5536713,361462,68,681,57.2
ERR1204894,1972,100,58.9,5232609,469150,29,972,57.5
ERR1204895,1971,99.9,60.4,5425148,317131,63,396,57.4
ERR1204899,1972,100,60,5369418,337406,30,879,57.3
ERR1204900,1972,100,60.6,5456310,436280,33,885,57.3
ERR1204901,1972,100,61.6,5593985,198137,81,683,57.2
ERR1204902,1972,100,59.8,5351429,513535,60,1180,57.3
ERR1204903,1971,99.9,62.1,5673330,223859,92,784,57
ERR1204905,1971,99.9,61.1,5527402,158867,89,387,57.3
ERR1204906,1971,99.9,61.4,5568811,152002,96,395,57.3
ERR1204907,1970,99.9,61,5507570,198137,74,487,57.3
ERR1204908,1972,100,61.7,5607346,176524,103,588,57.2
ERR1204909,1972,100,60.7,5465100,275419,53,591,57.2
ERR1204910,1972,100,61.6,5604009,180675,91,492,57.2
ERR1204911,1966,99.7,61,5497216,257932,80,591,57.2
ERR1204912,1971,99.9,61.3,5545672,211936,92,876,57.2
ERR1204913,1972,100,61.2,5540705,181291,82,492,57.3
ERR1204914,1972,100,60.8,5477977,270065,58,582,57.3
ERR1204915,1972,100,62.1,5676251,293379,97,782,57
ERR1204916,1972,100,61,5514281,443943,30,778,57.2
ERR1204917,1970,99.9,61.7,5601837,191055,93,782,57.2
ERR1204918,1972,100,62.1,5668330,190974,102,774,57.1
ERR1204919,1974,100,61.9,5656603,266839,102,487,56.8
ERR1204920,1968,99.8,59.1,5250774,176640,76,512,57.5
ERR1204921,1971,99.9,58.9,5230938,371796,43,1080,57.5
ERR1204922,1972,100,60.7,5465178,270065,62,674,57.3
ERR1204923,1971,99.9,61.1,5522641,210404,74,292,57.3
ERR1204924,1972,100,61.7,5610020,180550,105,592,57.2
ERR1204926,1971,99.9,61.6,5601661,309487,52,870,57
ERR1204927,1972,100,61.6,5595269,181291,98,395,57.2
ERR1204928,1972,100,60.1,5390056,353854,35,679,57.4
ERR1204929,1962,99.5,60.8,5450328,167707,65,390,57.3
ERR1204930,1971,99.9,61.5,5582692,180335,92,585,57.2
ERR1204931,1966,99.7,61,5500878,257932,77,880,57.2
ERR1204932,1972,100,61.2,5535203,277712,44,678,57.2
ERR1204933,1974,100,63.3,5872981,185677,180,777,56.8
ERR1204934,1971,99.9,60.3,5404024,198137,83,393,57.3
ERR1204935,1972,100,61.4,5566568,473206,68,393,57.3
ERR1204936,1971,99.9,61.1,5517045,147614,99,710,57.2
ERR1204938,1972,100,60.9,5500037,198338,66,388,57.3
ERR1204940,1971,99.9,60.9,5492024,267981,53,486,57.3
ERR1204941,1972,100,62.8,5783488,287167,105,787,56.9
ERR1204942,1963,99.5,59.7,5312182,198137,81,525,57.4
ERR1204943,1972,100,61.6,5599382,199979,73,490,57.2
ERR1204944,1963,99.5,59.8,5321273,198137,92,531,57.4
ERR1204946,1970,99.9,60.5,5432083,160419,95,392,57.3
ERR1204947,1972,100,60.5,5442599,603403,31,684,57.4
ERR1204948,1971,99.9,61.2,5546396,231566,76,533,57.3
ERR1204949,1972,100,60.7,5470055,257568,64,488,57.3
ERR1204950,1972,100,61.1,5519947,294460,44,1081,57.2
ERR1204951,1972,100,61.4,5576015,260765,56,483,57.2
ERR1204952,1972,100,61,5509162,482131,39,1083,57.2
ERR1204955,1971,99.9,62.2,5683218,361443,56,690,57.1
ERR1204956,1972,100,62.1,5669395,361104,94,678,56.9
ERR1204957,1972,100,61.5,5587131,203711,97,592,57.2
ERR1204958,1972,100,61.8,5629759,386227,42,582,57.1
ERR1204959,1969,99.8,61,5501152,363241,85,674,57.4
ERR1204960,1971,99.9,60.6,5448125,270138,47,491,57.4
ERR1204962,1972,100,60.9,5498647,270138,43,787,57.2
ERR1204966,1970,99.9,59.1,5246640,198145,77,396,57.5
ERR1204967,1972,100,63.2,5844435,255715,285,2728,56.8
ERR1204969,1972,100,59.3,5287200,325658,40,789,57.4
ERR1204970,1972,100,61.6,5594007,165947,85,683,57.1
ERR1204971,1972,100,59.6,5315450,341218,47,494,57.4
ERR1204972,1972,100,61.7,5614768,198137,78,779,57.2
ERR1204973,1972,100,61.6,5602085,212129,101,579,57.2
ERR1204974,1972,100,57.8,5097375,480149,27,586,57.7
ERR1204975,1972,100,59.9,5364114,348854,42,786,57.4
ERR1204976,1964,99.6,61.2,5527205,289241,50,879,57.3
ERR1204977,1957,99.2,62.2,5649348,233640,69,780,57
ERR1204978,1947,98.7,61,5443326,175068,117,874,56.8
ERR1204984,1970,99.9,61.6,5586728,198237,100,781,57.2
ERR1204989,1969,99.8,60.3,5405158,401795,55,774,57.2
ERR1204990,1968,99.8,62.3,5688715,261440,108,589,56.9
ERR1204991,1971,99.9,63,5805592,251890,58,780,57
ERR1204993,1972,100,61.8,5633713,343803,46,484,57.1
ERR1204994,1972,100,61.8,5634294,335918,48,589,57.1
ERR1204996,1963,99.5,60.7,5451476,106997,134,491,57.2
ERR1204997,1969,99.8,61.4,5567508,248958,71,593,57
ERR1204999,1971,99.9,62,5649207,223453,83,778,57.2
ERR1205000,1963,99.5,60.7,5445089,272510,60,586,57.3
ERR1205001,1972,100,61.6,5596037,260583,67,586,57.3
ERR1205002,1972,100,61.1,5520166,272391,34,494,57.2
ERR1205003,1971,99.9,60.5,5444677,200717,72,681,57.3
ERR1205004,1972,100,61.8,5629286,220756,101,691,57.1
ERR1205009,1971,99.9,61.3,5556899,231036,84,773,57.3
ERR1205010,1971,99.9,60.6,5457135,262648,62,390,57.4
ERR1205011,1972,100,60.9,5492620,476221,38,584,57.2
ERR1205013,1972,100,60.5,5438241,172694,94,786,57.3
ERR1205014,1973,99.9,63.4,5886917,164719,144,886,56.7
ERR1205015,1970,99.9,61.5,5581706,129466,96,488,57.3
ERR1205018,1963,99.5,59.7,5320860,478498,36,782,57.4
ERR1205019,1971,99.9,60.9,5502106,265593,77,679,57.3
ERR1205020,1972,100,58.5,5179540,473198,36,684,57.6
ERR1205021,1972,100,61,5507240,298962,57,684,57.2
ERR1205022,1971,99.9,61.8,5620873,222846,81,584,57.2
ERR1205023,1971,99.9,61.1,5517351,180158,81,579,57.3
ERR1205024,1971,99.9,61,5508815,185511,79,588,57.3
ERR1205025,1972,100,62.4,5710856,215626,85,777,57.1
ERR1205026,1972,100,62.4,5720941,216728,81,589,57
ERR1205028,1972,100,62,5661017,294806,72,588,57.1
ERR1205029,1972,100,60.8,5490269,369225,49,493,57.3
ERR1205030,1971,99.9,60.7,5475664,222841,68,781,57.4
ERR1205031,1972,100,60.9,5492568,513438,46,584,57.2
ERR1205033,1971,99.9,59.4,5290759,337906,43,391,57.2
ERR1205034,1972,100,62.2,5692226,304609,93,779,57
ERR1205035,1965,99.6,60.8,5463435,203818,96,524,57.2
ERR1205036,1963,99.5,60.1,5371901,270253,58,491,57.4
ERR1205039,1972,100,60.2,5397633,401957,43,583,57.4
ERR1205040,1970,99.9,60.5,5428201,373280,50,777,57.2
ERR1205041,1972,100,59.7,5335292,582543,27,679,57.4
ERR1205043,1971,99.9,61,5506541,215308,78,588,57.2
ERR1205048,1972,100,63.2,5846832,343494,52,776,56.9
ERR1205049,1972,100,60.4,5429826,214814,62,587,57.3
ERR1205054,1971,99.9,64.4,6029202,174463,118,1264,56.5
ERR1205055,1967,99.7,61.5,5569865,181767,73,777,57.1
ERR1205056,1971,99.9,60,5374754,581971,35,684,57.4
ERR1205058,1972,100,62.8,5783455,298446,48,682,56.9
ERR1205059,1971,99.9,60.3,5417298,500227,30,985,57.3
ERR1205061,1972,100,61.3,5559987,274156,54,592,57.2
ERR1205063,1972,100,62.6,5755331,202262,82,786,56.9
ERR1205064,1971,99.9,60.4,5434486,216189,66,969,57.3
ERR1205067,1972,100,61.1,5527892,198137,81,484,57.3
ERR1205070,1972,100,60.3,5420807,500227,29,790,57.3
ERR1205073,1972,100,61.1,5521467,274139,57,782,57.2
ERR1205076,1972,100,59.3,5286073,402497,34,786,57.3
ERR1216949,1972,100,60.6,5458340,326338,41,783,57.2
ERR1216950,1971,99.9,60.5,5434375,298735,35,390,57.4
ERR1216951,1972,100,61,5506522,281765,76,393,57.1
ERR1216954,1961,99.4,61.7,5581656,235451,79,585,57.2
ERR1216955,1972,100,59,5238961,381882,27,589,57.5
ERR1216956,1972,100,62.6,5750700,238294,112,942,56.9
ERR1216957,1972,100,60.9,5492962,207810,80,686,57
ERR1216958,1972,100,61.8,5632264,298597,55,751,56.9
ERR1216959,1971,99.9,61.7,5613978,253833,71,987,57.1
ERR1216961,1970,99.9,58.5,5175054,176764,78,495,57.5
ERR1216962,1971,99.9,61.4,5562001,222613,70,586,57.2
ERR1216963,1972,100,61.5,5584544,354523,65,489,57
ERR1216965,1972,100,60.5,5449579,199679,73,388,57.4
ERR1216966,1972,100,60.9,5503263,201128,65,689,57.2
ERR1216967,1971,99.9,58.9,5227315,273857,43,395,57.4
ERR1216968,1972,100,61.6,5600683,313858,61,883,57.1
ERR1216969,1961,99.4,62.3,5671162,235242,78,490,57.1
ERR1216970,1972,100,62.3,5709715,339237,46,328,56.8
ERR1216972,1970,99.9,64.3,6011401,197889,235,2459,56.2
ERR1216973,1972,100,60.2,5405952,350593,62,492,57.2
ERR1216974,1972,100,62.8,5778003,201866,138,971,56.9
ERR1216975,1972,100,62.1,5675334,368165,69,493,57
ERR1216978,1972,100,61.2,5543332,291718,60,493,57.2
ERR1216980,1972,100,62.2,5681240,273544,66,866,57
ERR1216981,1971,99.9,58.4,5165132,357105,46,495,57.6
ERR1216982,1972,100,60.8,5489137,220336,66,292,57.4
ERR1216984,1972,100,60.4,5435220,408923,46,395,57.2
ERR1216985,1972,100,59.2,5275112,505383,40,493,57.6
ERR1216987,1971,99.9,60,5373455,503571,44,591,57.4
ERR1216989,1972,100,61.9,5639225,301196,70,695,57
ERR1216991,1972,100,58.7,5211474,404742,30,591,57.7
ERR1216992,1972,100,58.3,5156478,362883,29,883,57.8
ERR1216993,1964,99.6,60.7,5457927,206391,83,715,57.3
ERR1216996,1972,100,59.7,5335252,592506,95,681,57.4
ERR1216997,1971,99.9,62.1,5662324,203710,100,587,57.1
ERR1216999,1971,99.9,60.9,5494163,297779,78,488,57.2
ERR1217000,1972,100,60.5,5438626,335662,46,1373,57.4
ERR1217001,1963,99.5,61.4,5543238,172506,73,589,57.2
ERR1217003,1971,99.9,60.8,5480374,473935,44,887,57.2
ERR1217005,1972,100,61.8,5630016,197915,74,460,57
ERR1217013,1971,99.9,61.8,5625423,269616,69,401,57.2
ERR1217015,1971,99.9,61.8,5620961,269403,63,492,57.2
ERR1217019,1972,100,60.8,5490354,374725,38,395,57.4
ERR1217021,1972,100,61.5,5579441,203834,98,676,57.2
ERR1217022,1972,100,61.6,5599040,494284,69,685,57
ERR1217023,1972,100,60.8,5489076,416190,35,594,57.4
ERR1217025,1972,100,63.1,5824577,292622,105,1071,56.5
ERR1217026,1972,100,59,5246093,772024,23,682,57.5
ERR1217027,1967,99.7,59.1,5245522,125810,97,880,57.3
ERR1217028,1972,100,60.9,5497710,346297,43,873,57.4
ERR1217029,1970,99.9,60.5,5443271,307427,44,696,57.2
ERR1217030,1972,100,60.9,5502549,361958,42,802,57.2
ERR1217031,1972,100,59.1,5253985,355955,40,789,57.4
ERR1217033,1972,100,60.9,5492761,217179,62,620,57.2
ERR1217035,1972,100,60.2,5403623,316819,51,490,57.4
ERR1217038,1971,99.9,61.9,5643195,267488,55,584,57
ERR1217040,1972,100,60.1,5389895,350038,41,98,57.2
ERR1217041,1972,100,62.5,5740092,287145,85,393,56.7
ERR1217053,1972,100,60.8,5480607,344533,57,297,57.3
ERR1217054,1972,100,60.6,5462885,240751,59,522,57.3
ERR1217058,1972,100,60.9,5499127,404925,41,494,57.3
ERR1217059,1971,99.9,60.8,5485572,178177,79,744,57.3
ERR1217060,1972,100,63.5,5885431,207533,103,590,56.7
ERR1217062,1970,99.9,60.9,5488683,198137,71,313,57.3
ERR1217063,1972,100,60.9,5500424,307842,60,589,57.3
ERR1217065,1968,99.8,60.5,5430701,215460,87,966,57.4
ERR1217066,1971,99.9,61,5501807,178063,89,262,57.3
ERR1217067,1970,99.9,59.3,5274888,313309,36,521,57.6
ERR1217068,1971,99.9,60.9,5499586,180674,84,885,57.3
ERR1217069,1967,99.7,58.3,5148291,152156,59,953,57.5
ERR1217070,1972,100,61.3,5548824,165224,87,118,57.2
ERR1217071,1972,100,57.8,5097934,367030,32,588,57.6
ERR1217072,1972,100,62.6,5749822,307842,78,689,56.8
ERR1217073,1972,100,61,5511468,180463,86,393,57.3
ERR1217074,1971,99.9,61.1,5519023,178180,88,495,57.2
ERR1217076,1972,100,59.6,5326468,442284,47,302,57.3
ERR1217077,1972,100,61.4,5574099,365875,70,865,56.9
ERR1217080,1971,99.9,60.5,5446736,477177,46,1084,57.3
ERR1217081,1971,99.9,60.5,5447970,476853,46,787,57.3
ERR1217083,1972,100,61.8,5634300,343494,52,584,57.1
ERR1217084,1968,99.8,60.3,5398128,203835,73,632,57.3
ERR1217085,1972,100,61.6,5604083,260391,54,789,57.2
ERR1217086,1971,99.9,60.9,5486469,193550,84,991,57.1
ERR1217090,1972,100,62.2,5686099,177305,107,399,57.1
ERR1217091,1972,100,61,5506203,298841,58,689,57.3
ERR1217092,1972,100,61.7,5611067,401086,111,393,57
ERR1217093,1972,100,57.7,5080048,579554,22,515,57.7
ERR1217095,1972,100,61.2,5536243,212129,83,482,57.2
ERR1217097,1971,99.9,60.7,5467391,190664,87,486,57.3
ERR1217098,1972,100,61.5,5589162,198137,99,484,57.2
ERR1217100,1972,100,60.2,5405980,381890,40,394,57
ERR1217101,1972,100,60.6,5450240,268990,59,1091,57.4
ERR1217102,1972,100,59.2,5275272,323682,35,394,57.4
ERR1217103,1972,100,61.6,5593487,177305,99,588,57.2
ERR1217104,1972,100,60.6,5454971,328499,52,691,57.2
ERR1217105,1972,100,61.5,5591192,177305,99,490,57.2
ERR1217106,1972,100,62,5657086,198137,106,781,57.2
ERR1217107,1972,100,57.7,5078436,383908,30,805,57.7
ERR1217109,1972,100,63.1,5825805,198137,129,591,56.9
ERR1217110,1972,100,60.9,5497865,324604,55,574,57.2
ERR1217111,1972,100,60.3,5410091,269650,52,289,57.3
ERR1217113,1972,100,59.8,5348280,500563,41,389,57.3
ERR1217114,1971,99.9,62.2,5689945,176780,115,781,57.1
ERR1217117,1972,100,61.9,5639668,197503,88,690,57.2
ERR1217118,1972,100,61.9,5639442,198137,91,394,57.2
ERR1217119,1968,99.8,61.6,5584062,186652,87,488,57
ERR1217120,1969,99.8,59.6,5303104,294497,63,500,57.5
ERR1217122,1972,100,60,5381748,266479,44,783,57.3
ERR1217124,1972,100,61.6,5604975,212548,88,586,57.2
ERR1217125,1972,100,61.5,5590392,177107,84,391,57.2
ERR1217127,1972,100,62,5654960,212129,106,390,57.1
ERR1217128,1972,100,61.1,5530547,293215,58,702,57.4
ERR1217129,1972,100,62.3,5708011,282293,115,874,56.8
ERR1217130,1972,100,61.8,5627388,214809,74,786,57.1
ERR1217131,1972,100,62.2,5685759,197686,121,684,57.1
ERR1217132,1972,100,61,5510706,218495,78,591,57.1
ERR1217133,1972,100,61.4,5566856,349151,57,493,57.1
ERR1217134,1972,100,60.8,5485960,246079,67,290,57.1
ERR1217138,1972,100,60.6,5450250,379783,45,392,57.3
ERR1217139,1972,100,59.9,5364926,371302,43,1090,57.3
ERR1217140,1971,99.9,61,5515815,368142,44,889,57.2
ERR1217141,1970,99.9,60.7,5464786,544422,42,690,57.2
ERR1217142,1972,100,61.6,5600946,143586,88,589,57.2
ERR1217143,1972,100,61.6,5592926,203818,85,583,57.2
ERR1217144,1972,100,62.6,5754881,176780,129,754,57
ERR1217145,1972,100,62.3,5703533,344608,60,681,56.7
ERR1217146,1972,100,61.6,5597732,212129,81,590,57.2
ERR1217147,1972,100,62.2,5692069,203818,110,694,57.1
ERR1217149,1972,100,60,5373148,399629,54,695,57.2
ERR1217150,1972,100,60.3,5410322,443450,40,697,57.3
ERR1217151,1971,99.9,60.7,5469785,303307,56,689,57.2
ERR1217152,1972,100,60.7,5476819,471688,48,294,57.2
ERR1217153,1972,100,61.9,5641477,198080,94,588,57.2
ERR1217155,1961,99.4,61.7,5569863,453011,67,502,57
ERR1217156,1972,100,61.2,5542642,182691,86,426,57.1
ERR1217158,1972,100,61.5,5583133,215111,75,430,57.1
ERR1217159,1972,100,61.6,5601383,197908,93,492,57.2
ERR1217160,1963,99.5,61.7,5584506,230774,75,401,57.2
ERR1217161,1972,100,61.2,5542305,231548,72,388,57.3
ERR1217162,1972,100,62.1,5675250,198137,88,583,57.2
ERR1217163,1972,100,61.9,5639980,231350,86,494,57.1
ERR1217164,1971,99.9,61.6,5600437,290374,68,685,57.1
ERR1217165,1972,100,60.4,5424636,336008,48,589,57.2
ERR1217166,1972,100,61.7,5611560,211102,78,884,57.2
ERR1217167,1971,99.9,63,5813167,175200,152,587,56.8
ERR1217168,1972,100,60.4,5426667,251794,65,395,57.3
ERR1217169,1971,99.9,61.8,5629041,198191,104,680,57.2
ERR1217170,1972,100,61.7,5606708,206621,58,196,57.1
ERR1217171,1972,100,60.1,5386767,298597,46,490,57.4
ERR1217172,1972,100,63.1,5819164,362666,88,787,56.6
ERR1217173,1972,100,63,5816854,328619,78,1089,56.6
ERR1217174,1968,99.8,63,5799844,358425,74,487,56.9
ERR1217175,1972,100,62.6,5750457,185780,84,882,56.7
ERR1217176,1972,100,63.1,5821597,362666,82,886,56.6
ERR1217177,1960,99.4,63.4,5830871,629607,55,392,56.9
ERR1217178,1972,100,63.1,5819823,361953,82,586,56.6
ERR1217179,1972,100,63.1,5819956,362666,86,497,56.6
ERR1217180,1972,100,61.3,5554051,369755,46,395,56.9
ERR1217181,1972,100,63,5814495,362666,79,589,56.7
ERR1217182,1971,99.9,62.7,5753365,185855,89,391,56.7
ERR1217183,1972,100,62.6,5752155,197697,87,492,56.7
ERR1217184,1972,100,63.1,5821169,328619,80,778,56.6
ERR1217185,1972,100,62.7,5759018,362058,85,792,56.7
ERR1217186,1972,100,63,5808777,311596,89,891,56.7
ERR1217187,1971,99.9,59.8,5347602,308035,39,586,57.4
ERR1217188,1972,100,63.1,5819619,362142,94,881,56.6
ERR1217189,1972,100,60.1,5393191,223144,64,596,57.3
ERR1217190,1970,99.9,58.6,5183086,305211,46,581,57.6
ERR1217191,1971,99.9,60.4,5427756,316792,87,1080,57.2
ERR1217192,1972,100,61.9,5649017,196961,102,386,57.2
ERR1217193,1972,100,60.7,5466661,149286,83,488,57.3
ERR1217194,1969,99.8,62.1,5658458,177107,97,579,57.2
ERR1217196,1964,99.6,63.1,5808594,208850,136,841,56.9
ERR1217197,1971,99.9,60,5372124,282562,46,786,57.4
ERR1217198,1972,100,61,5513341,289489,62,585,57.1
ERR1217200,1970,99.9,61.7,5605818,237590,105,488,57.1
ERR1217201,1972,100,61.1,5531895,350269,68,689,57.1
ERR1217202,1972,100,62.2,5687023,212119,102,691,57.1
ERR1217203,1972,100,61.7,5607688,343494,42,488,57.1
ERR1217204,1972,100,62.9,5793577,198310,109,778,57
ERR1217205,1971,99.9,59.5,5300775,368842,31,689,57.5
ERR1217206,1972,100,59.6,5321336,400921,38,789,57.5
ERR1217207,1972,100,61.9,5637730,203815,105,489,57.1
ERR1217208,1972,100,60,5370014,209433,72,391,57.4
ERR1217209,1972,100,62.3,5697598,212129,75,485,57
ERR1217210,1971,99.9,61.7,5602770,172638,76,693,57.1
ERR1217211,1972,100,62.2,5694350,177304,105,388,57.1
ERR1217212,1972,100,61.8,5627025,334149,87,1087,56.8
ERR1217213,1972,100,62.2,5692234,198237,111,781,57.1
ERR1217214,1972,100,62.2,5689127,375883,54,691,57
ERR1217215,1972,100,61.9,5642676,198137,102,689,57.1
ERR1217216,1972,100,60.9,5500245,189069,63,586,57.3
ERR1217217,1972,100,61.1,5524806,212129,80,490,57.2
ERR1217218,1972,100,61.9,5642821,212129,98,491,57.1
ERR1217219,1972,100,60.4,5430434,309557,44,886,57.4
ERR1217220,1972,100,62.2,5688313,160994,119,390,57.1
ERR1217222,1972,100,62,5651970,176779,114,490,57.2
ERR1217223,1972,100,58.7,5201496,302090,36,689,57.4
ERR1217224,1972,100,61.9,5650048,177857,108,386,57.2
ERR1217225,1972,100,59.7,5336456,308907,36,586,57.4
ERR1217227,1972,100,59.7,5328775,413764,38,591,57.3
ERR1217228,1960,99.4,61.9,5599876,350269,82,587,57
ERR1217229,1970,99.9,60.7,5460553,296974,89,739,57.3
ERR1217230,1972,100,62.1,5677426,198137,108,302,57.2
ERR1217231,1972,100,60.9,5505749,342179,46,293,57.2
ERR1217232,1972,100,61.3,5554608,193733,62,591,57.2
ERR1217233,1972,100,59.8,5346617,379138,53,881,57.4
ERR1217234,1972,100,62.3,5705322,212117,89,576,57.1
ERR1217235,1972,100,62.3,5701232,212117,94,482,57.1
ERR1217236,1972,100,59.7,5331359,400368,42,488,57.4
ERR1217237,1972,100,61.3,5550833,195813,62,587,57.2
ERR1217241,1971,99.9,61.2,5542227,198137,76,491,57.2
ERR1217242,1972,100,59.1,5259857,342074,89,1090,57.5
ERR1217243,1972,100,61.7,5616776,296346,189,2492,57.1
ERR1217244,1972,100,62,5660653,251571,69,486,57.1
ERR1217245,1972,100,62.6,5741580,172622,352,3709,56.9
ERR1217246,1972,100,61.8,5624283,198137,101,588,57.2
ERR1217248,1972,100,62.8,5782000,444145,53,490,56.9
ERR1217249,1972,100,60.8,5491037,332451,51,507,57.3
ERR1217250,1972,100,62,5661290,166041,103,489,57.2
ERR1217251,1972,100,59.8,5349400,434396,27,396,57.5
ERR1217252,1972,100,61.6,5600858,198137,94,488,57.2
ERR1217253,1972,100,61.5,5583194,307842,77,915,57.2
ERR1217254,1972,100,63.1,5820134,168067,105,588,57
ERR1217255,1972,100,63.6,5912443,203857,73,705,56.9
ERR1217256,1972,100,61.6,5603409,212129,90,681,57.2
ERR1217257,1972,100,61.6,5601148,212129,92,586,57.2
ERR1217259,1972,100,60.6,5455993,366361,61,1061,57.3
ERR1217261,1972,100,61.3,5562395,212128,66,490,57.2
ERR1217263,1972,100,62,5654352,198137,103,493,57.2
ERR1217264,1970,99.9,61.2,5537893,255370,80,724,57.2
ERR1217265,1972,100,62.1,5669824,180667,101,681,57.2
ERR1217266,1972,100,61.7,5610419,212129,164,2684,57.1
ERR1217267,1972,100,62.4,5721632,177302,115,490,57.1
ERR1217268,1966,99.7,62.5,5716080,198345,111,2434,57.1
ERR1217269,1972,100,62,5658913,212129,105,586,57.2
ERR1217270,1972,100,62,5658538,198237,103,680,57.2
ERR1217271,1972,100,60.7,5474092,361863,46,622,57.4
ERR1217272,1972,100,62.3,5707132,198137,96,387,57.1
ERR1217274,1971,99.9,62.2,5687733,212129,92,583,57.1
ERR1217275,1972,100,61.6,5602619,304216,85,1400,57.2
ERR1217278,1972,100,62.9,5796473,377869,119,1242,56.7
ERR1217279,1972,100,62.7,5766386,180432,184,2021,57
ERR1217280,1972,100,63,5809483,319553,100,612,56.6
ERR1217281,1972,100,62,5651107,212129,90,683,57.1
ERR1217282,1972,100,60.2,5397762,404453,43,784,57.3
ERR1217283,1972,100,62,5661490,203694,98,391,57.2
ERR1217285,1972,100,62.2,5692759,212129,92,491,57.1
ERR1217286,1972,100,63.6,5905088,203509,329,4542,56.7
ERR1217287,1972,100,62.4,5711085,183817,99,591,57.1
ERR1217289,1972,100,62,5653719,183818,87,592,57.1
ERR1217291,1972,100,61.9,5642767,212129,86,490,57.1
ERR1217292,1970,99.9,60.6,5459220,366167,56,402,57.3
ERR1217293,1972,100,61.9,5642271,212129,91,586,57.1
ERR1217294,1972,100,62,5664288,198137,90,493,57.1
ERR1217295,1972,100,59.9,5355644,474007,36,701,57.2
ERR1217296,1972,100,62.2,5693812,201956,94,490,57.1
ERR1217297,1972,100,60.4,5426488,359435,59,855,57.3
ERR1217298,1972,100,62.1,5672729,191844,98,588,57.1
ERR1217299,1971,99.9,61.3,5550367,267206,251,2247,57.2
ERR1217300,1972,100,62.2,5682560,201956,95,587,57.1
ERR1217302,1972,100,60.6,5456314,212068,73,399,57.2
ERR1217304,1972,100,61.1,5532206,212442,71,489,57.3
ERR1217305,1972,100,61.9,5642649,210154,202,2826,57.1
ERR1217306,1970,99.9,61.6,5591045,231039,76,390,57.2
ERR1217307,1971,99.9,59.6,5315123,304499,35,987,57.3
ERR1217308,1972,100,62.1,5679084,201480,98,585,57.1
ERR1217309,1970,99.9,59.6,5311904,340401,30,1276,57.3
ERR1217310,1972,100,62.2,5683379,201956,113,617,57.1
ERR1217311,1971,99.9,60.2,5403145,520637,56,1484,57.3
ERR1217312,1972,100,62.2,5685753,191844,96,492,57.1
ERR1217313,1970,99.9,59.8,5338299,333611,78,540,57.3
ERR1217314,1972,100,61.4,5576974,213601,97,586,57.2
ERR1217315,1963,99.5,61.7,5584219,203710,90,393,57.1
ERR1217316,1967,99.7,60.4,5414020,202668,73,630,57.4
ERR1217317,1972,100,60.8,5487493,186005,67,389,57.3
ERR1217318,1972,100,60.5,5447604,378604,48,774,57.3
ERR1217319,1972,100,60.9,5495905,213182,71,586,57.2
ERR1217320,1968,99.8,61.2,5525311,201489,86,1172,57.3
ERR1217321,1963,99.5,61.8,5607133,198237,97,677,57.1
ERR1217322,1972,100,60.6,5457417,239973,63,1151,57.4
ERR1217323,1972,100,60.5,5447768,399108,50,1376,57.3
ERR1217324,1972,100,61,5506081,203834,83,717,57.2
ERR1217325,1970,99.9,61.6,5596983,326857,37,689,57.3
ERR1217327,1972,100,61.2,5545748,474414,37,1370,57.2
ERR1217328,1972,100,62.3,5705733,219547,169,1780,57.1
ERR1217329,1971,99.9,60.3,5417483,411028,35,690,57.3
ERR1217330,1972,100,61.7,5610523,224918,110,606,57.2
ERR1217335,1972,100,62.1,5675973,198137,107,489,57.1
ERR1217336,1972,100,61.2,5539991,276961,94,441,57.2
ERR1217337,1972,100,62,5652023,186557,102,293,57.2
ERR1217338,1969,99.8,60.7,5455608,493429,54,964,57.3
ERR1217340,1972,100,60.6,5460113,259305,48,690,57.4
ERR1217341,1972,100,62,5651576,177305,99,595,57.2
ERR1217342,1972,100,60.2,5403824,348667,32,578,57.4
ERR1217343,1972,100,62,5651092,180415,108,488,57.2
ERR1217344,1971,99.9,60.9,5501117,507540,41,786,57.3
ERR1217347,1972,100,61,5516787,205739,79,687,57.2
ERR1217349,1971,99.9,62.2,5683357,181202,134,641,57.1
ERR1217350,1972,100,62.1,5678681,271698,80,927,57.1
ERR1217353,1972,100,61.8,5631103,202139,83,488,57.2
ERR1217355,1969,99.8,62.3,5697807,203818,103,494,57.1
ERR1217357,1972,100,63.4,5879767,198137,245,1801,56.9
ERR1217359,1972,100,62.2,5694636,196101,97,391,57.1
ERR1217360,1972,100,61.3,5559549,335703,42,990,57.2
ERR1217363,1972,100,61.9,5650335,203818,86,429,57.2
ERR1217367,1972,100,60.7,5472137,252070,57,695,57.3
ERR1217368,1972,100,62,5654932,203818,134,1420,57
ERR1217370,1972,100,61.7,5608143,212068,73,680,57.2
ERR1217371,1971,99.9,61.8,5631357,628129,33,785,57
ERR1217372,1966,99.7,61.6,5586403,172638,148,1316,57
ERR1217374,1971,99.9,60.6,5458481,314464,46,395,57.4
ERR1217375,1970,99.9,61.5,5579915,350259,52,594,57.1
ERR1217379,1970,99.9,62.4,5712918,177302,102,501,57.1
ERR1217380,1972,100,60.4,5426492,317354,55,394,57.4
ERR1217382,1970,99.9,62.2,5685552,360277,114,1068,57
ERR1217384,1970,99.9,62.1,5676241,350794,97,1369,57
ERR1217385,1972,100,60.1,5388887,291234,43,684,57.3
ERR1217387,1971,99.9,60.9,5501633,344435,54,885,57.2
ERR1217388,1972,100,62.7,5766168,180522,187,2117,56.9
ERR1217389,1972,100,61.5,5583237,435702,172,2112,57.1
ERR1217390,1972,100,62,5661216,203818,102,594,57.1
ERR1217391,1972,100,63.4,5880912,260161,65,717,56.6
ERR1217395,1972,100,61.4,5570801,357623,48,584,57.2
ERR1217396,1966,99.7,61.1,5517963,212129,84,492,57.2
ERR1217397,1972,100,61.7,5615844,220879,72,594,57
ERR1217398,1972,100,62.5,5726452,198124,114,687,57.1
ERR1217399,1973,99.9,63.1,5834223,147752,137,786,56.8
ERR1217400,1972,100,62.2,5686221,198137,103,542,57.1
ERR1217402,1972,100,62,5663133,198137,101,288,57.2
ERR1217406,1972,100,60.5,5442973,331653,39,490,57.3
ERR1217407,1972,100,61.5,5590676,223289,99,295,57.2
ERR1217409,1972,100,62.3,5695647,203818,99,489,57.1
ERR1217412,1972,100,61.2,5542316,271731,46,581,57.1
ERR1217413,1969,99.8,62.3,5699303,177302,236,2635,56.9
ERR1217415,1969,99.8,61.2,5540421,177302,72,696,57.2
ERR1217417,1972,100,61.9,5646759,180646,89,291,57.2
ERR1217418,1970,99.9,61.2,5543217,249776,66,684,57.2
ERR1217419,1971,99.9,62.3,5706228,176780,110,385,57.1
ERR1217420,1972,100,60.7,5468392,368402,78,1064,57.2
ERR1217421,1972,100,62,5658705,176778,109,493,57.1
ERR1217422,1969,99.8,59.2,5250455,260726,69,437,57.4
ERR1217423,1972,100,62.3,5705459,203818,103,592,57.1
ERR1217425,1972,100,62.3,5704431,203818,111,499,57.1
ERR1217426,1970,99.9,61.7,5603612,212129,84,585,57.2
ERR1217427,1972,100,61.1,5524115,294564,59,494,57.1
ERR1217428,1972,100,61.8,5634846,166034,101,579,57.2
ERR1217430,1972,100,62.2,5689029,203818,110,490,57.1
ERR1217431,1972,100,62,5657380,375825,60,693,56.9
ERR1217432,1972,100,61.2,5545944,334488,68,498,57.1
ERR1217433,1972,100,62.2,5688755,204892,98,581,57.1
ERR1217434,1972,100,60.4,5423009,259299,51,886,57.2
ERR1217437,1972,100,62.2,5685512,212129,118,1163,57.1
ERR1217439,1972,100,61,5514818,274348,53,684,57.3
ERR1217440,1972,100,62.9,5792831,198137,196,1669,56.9
ERR1217443,1972,100,60.5,5448747,396331,61,671,57.2
ERR1217445,1970,99.9,61.3,5551092,334362,87,1392,56.9
ERR1217448,1972,100,60.5,5447705,377924,58,485,57.3
ERR1217450,1966,99.7,59.5,5299122,135930,95,538,57.4
ERR1217451,1968,99.8,60.6,5455436,358962,82,637,57.3
ERR1217453,1972,100,62.1,5667743,212129,85,606,57.1
ERR1217454,1971,99.9,62.5,5730225,373577,49,787,57
ERR1217455,1972,100,62.1,5680392,180522,109,514,57.1
ERR1217456,1970,99.9,60.6,5453042,351686,39,778,57.2
ERR1217457,1972,100,62.1,5675648,176780,117,551,57.1
ERR1217458,1972,100,61.7,5611178,201178,66,787,56.7
ERR1217459,1972,100,61.8,5621415,198137,93,490,57.1
ERR1217462,1972,100,60.7,5469753,206621,58,686,57.2
ERR1217466,1972,100,61.5,5581792,240742,98,586,57.2
ERR1217467,1972,100,62,5660366,307842,124,1005,57.1
ERR1217468,1972,100,61.6,5595850,370732,102,1993,56.9
ERR1217470,1972,100,59.7,5338339,177990,66,693,57.4
ERR1217471,1972,100,61.2,5541806,332271,130,1252,57.2
ERR1217474,1972,100,60.9,5495969,248695,64,782,57.2
ERR1217475,1969,99.8,60.9,5487666,203710,69,596,57.3
ERR1217476,1971,99.9,62.7,5770041,259649,236,2329,56.8
ERR1217478,1971,99.9,62.2,5683769,172492,139,920,57.1
ERR1217480,1972,100,60.9,5493713,247027,47,790,57.2
ERR1228139,1972,100,60.7,5468268,301342,59,594,57.2
ERR1228140,1970,99.9,61.4,5559151,212706,76,402,57.2
ERR1228142,1966,99.7,61.2,5525606,202076,73,488,57.2
ERR1228143,1972,100,62.8,5780417,198137,88,485,57.1
ERR1228146,1972,100,62.5,5735093,334303,59,592,57.1
ERR1228149,1972,100,62.5,5734009,302713,56,688,57.1
ERR1228154,1972,100,62,5660260,215228,84,492,57.1
ERR1228158,1972,100,61.8,5625928,191581,103,493,57.2
ERR1228159,1970,99.9,59.9,5362934,240996,50,778,57.4
ERR1228160,1972,100,61.9,5645333,157587,108,685,57.2
ERR1228162,1972,100,62.4,5713656,198136,116,516,57.1
ERR1228172,1972,100,58.9,5231151,350231,29,727,57.5
ERR1228173,1971,99.9,62,5657179,212548,100,691,57.1
ERR1228177,1972,100,60.3,5420464,355409,50,736,57.3
ERR1228178,1972,100,58.7,5205315,339699,32,589,57.6
ERR1228179,1972,100,61,5518937,273922,43,489,57.3
ERR1228180,1972,100,62.2,5694240,206649,97,784,57.1
ERR1228182,1970,99.9,62.2,5686656,201540,117,687,57.1
ERR1228183,1972,100,60.8,5480006,349422,34,686,57.2
ERR1228184,1971,99.9,62.2,5684832,198310,125,483,57.1
ERR1228185,1972,100,60.2,5402188,247868,64,689,57.4
ERR1228186,1971,99.9,61.7,5608222,168637,132,677,57.1
ERR1228189,1971,99.9,62.2,5681471,364003,47,684,57.1
ERR1228190,1972,100,62.2,5694274,201115,111,394,57.1
ERR1228191,1972,100,59.5,5308970,303687,57,589,57.4
ERR1228192,1971,99.9,62.1,5668801,165776,125,1095,57.1
ERR1228193,1970,99.9,59.8,5344532,357123,50,395,57.4
ERR1228195,1972,100,61.9,5648144,212129,97,389,57.2
ERR1228196,1972,100,61.7,5614179,201480,88,524,57.1
ERR1228197,1972,100,60.8,5489909,209124,70,684,57.3
ERR1228198,1972,100,61.8,5629350,212442,106,784,57.1
ERR1228199,1972,100,62,5657141,212129,112,490,57.2
ERR1228204,1972,100,64.5,6056252,175106,748,9282,56.9
ERR1228205,1972,100,62,5662122,198137,111,782,57.2
ERR1228208,1972,100,60.8,5488055,417578,44,485,57.2
ERR1228210,1972,100,60.2,5404003,367244,51,698,57.3
ERR1228211,1971,99.9,62,5654664,203818,95,488,57.2
ERR1228212,1971,99.9,62.7,5754185,274029,50,314,57
ERR1228214,1971,99.9,62.7,5764529,317748,50,305,56.9
ERR1228217,1972,100,61.4,5571859,361332,76,587,57.2
ERR1228220,1971,99.9,60.6,5455353,297738,61,779,57.3
ERR1228221,1972,100,61.8,5630112,231548,108,882,57.1
ERR1228224,1972,100,62,5655175,261000,67,785,57.1
ERR1228227,1971,99.9,61.8,5626810,253845,85,495,57.2
ERR1228228,1972,100,61.8,5631034,231548,102,590,57.1
ERR1228229,1972,100,60.8,5480868,282853,138,1438,57.1
ERR1228230,1972,100,61.8,5632873,212548,111,677,57.1
ERR1228243,1972,100,62.1,5670096,267919,74,751,57
ERR1228245,1972,100,62.8,5774081,269614,116,527,57
ERR1228247,1972,100,61.5,5581980,369295,62,586,57.2
ERR1228248,1971,99.9,60.7,5470036,203842,64,781,57.1
ERR1228249,1970,99.9,62,5656067,206621,73,589,56.8
ERR1228252,1972,100,61.5,5583242,203509,66,591,57.2
ERR1228253,1972,100,61.3,5558494,275419,61,493,57.2
ERR1228255,1972,100,61.6,5595450,219127,74,392,57.2
ERR1228256,1972,100,61.7,5613207,203551,70,797,57.2
ERR1228258,1972,100,61.8,5623966,284634,119,1332,57.1
ERR1228259,1972,100,60.1,5390294,238990,62,592,57.4
ERR1228260,1970,99.9,62.2,5681856,219127,69,585,57.1
ERR1228261,1966,99.7,61.1,5522586,261626,78,977,57
ERR1228262,1972,100,61.9,5636093,289989,65,514,57.1
ERR1228263,1972,100,62.2,5691390,275418,116,1800,57.1
ERR1228264,1972,100,61.5,5586206,172386,96,590,57.2
ERR1228265,1972,100,61.4,5571754,275699,69,989,57.2
ERR1228266,1972,100,61.4,5576477,219127,69,482,57.2
ERR1228268,1972,100,61.8,5631837,276108,65,498,57.2
ERR1228269,1972,100,61.5,5588737,198237,91,492,57.2
ERR1228270,1971,99.9,61.9,5640774,252638,78,692,57.1
ERR1228271,1972,100,61.5,5582295,154792,101,683,57.2
ERR1228272,1972,100,61.6,5592268,233456,63,693,57.2
ERR1228273,1972,100,61.8,5630539,275418,67,393,57.2
ERR1228274,1964,99.6,60.1,5368014,115529,103,489,57.4
ERR1228275,1972,100,61.4,5572543,230616,54,596,57.2
ERR1228276,1970,99.9,62.5,5735449,238991,82,789,56.8
ERR1228278,1972,100,61.6,5598638,172691,99,589,57.2
ERR1228280,1965,99.6,61.1,5507833,129747,113,394,57.3
ERR1228283,1972,100,61.6,5598915,188228,78,781,57.2
ERR1228289,1972,100,60.7,5472469,353150,53,590,57.1
ERR1228291,1972,100,60.5,5445419,339741,64,687,57.2
ERR1228295,1972,100,60.4,5432678,341177,49,887,57.3
ERR1228296,1972,100,61.5,5587161,275881,102,815,57
ERR1228297,1972,100,60.3,5420589,401598,149,988,57.1
ERR1228298,1965,99.6,61.2,5529125,129466,130,623,57.2
ERR1228299,1972,100,60.7,5467602,513392,44,469,57.2
ERR1228300,1972,100,65.2,6185535,183794,819,10466,55.4
ERR1228341,1972,100,61.7,5608707,317258,57,787,57
ERR1228344,1972,100,61,5518676,198237,75,393,57.3
ERR1228345,1972,100,61.3,5555556,181221,73,387,57.2
ERR1228350,1971,99.9,62.6,5738335,176376,92,785,56.8
ERR1228351,1972,100,61.8,5629050,206007,80,495,57.1
ERR1228352,1972,100,61.8,5633770,184866,84,1092,57.1
ERR1228353,1972,100,61.8,5634902,189329,83,786,57.1
ERR1228355,1972,100,63,5806593,172638,112,901,56.7
ERR1228357,1972,100,62.7,5758889,316559,60,493,57
ERR1228359,1971,99.9,61.2,5537499,231039,69,427,57.2
ERR1228360,1972,100,61.3,5558523,182987,83,588,57.2
ERR1228361,1972,100,62.4,5717890,172402,119,892,56.6
ERR1228363,1972,100,62.3,5705862,266623,90,604,56.7
ERR1228364,1972,100,63,5803275,343493,186,2486,56.8
ERR1228365,1972,100,61.9,5640578,221553,89,394,57.1
ERR1228366,1972,100,63.4,5868785,173115,360,3246,56.6
ERR1228367,1972,100,61.9,5650024,376493,311,2849,56.9
ERR1228371,1972,100,61.4,5567852,203835,67,1115,57.3
ERR1228373,1972,100,61.3,5561542,221757,83,294,57.2
ERR1228374,1972,100,61.1,5527741,319671,51,886,57.3
ERR1228376,1972,100,61.8,5634900,193732,79,586,57.1
ERR1228377,1972,100,61.8,5634555,193732,86,688,57.1
ERR1228378,1969,99.8,61.7,5599755,198593,149,1449,57.1
ERR1228379,1972,100,61.9,5639161,247903,74,797,57.2
ERR1228380,1972,100,61.3,5556470,203834,78,399,57.2
ERR1228381,1972,100,62.1,5674156,152594,131,1876,57.1
ERR1228382,1971,99.9,61.6,5605773,198137,166,1560,57.1
ERR1228383,1972,100,61.5,5588220,242813,74,790,57.3
ERR1228387,1972,100,63.5,5896161,193838,257,2309,56.6
ERR1228391,1972,100,61.7,5619408,216477,82,197,57.3
ERR1228392,1972,100,62.3,5704968,266623,94,594,56.8
ERR1228398,1972,100,61.7,5617729,203835,107,885,57.3
ERR1228400,1972,100,62.2,5686455,416468,45,843,57
ERR1228401,1966,99.7,60.4,5416557,266693,67,846,57.2
ERR1228402,1970,99.9,62.6,5744601,228786,68,953,57
ERR1228403,1972,100,62.8,5772475,335049,56,883,57
ERR1228404,1972,100,59.6,5325018,384323,47,791,57.4
ERR1289695,1972,100,61.7,5606823,252658,82,492,57.1
ERR1289696,1962,99.5,61.5,5567725,284494,59,494,57
ERR1289697,1971,99.9,61,5515628,351280,84,1034,57.3
ERR1289699,1971,99.9,60.7,5471753,368194,50,885,57.3
ERR1289701,1972,100,59.6,5324835,192969,64,296,57.4
ERR1289703,1962,99.5,61.5,5567509,198413,65,893,57
ERR1289704,1968,99.8,64.2,5994646,198413,127,836,56.5
ERR1289705,1972,100,61.8,5625534,343494,42,789,57.1
ERR1289707,1971,99.9,60.3,5403972,206538,140,1318,57.2
ERR1289711,1972,100,62.7,5758635,336493,122,391,56.7
ERR1289712,1972,100,62.6,5752422,284033,109,487,56.7
ERR1289713,1972,100,60.7,5471331,198236,78,710,57.3
ERR1289715,1971,99.9,59.4,5288231,337391,53,691,57.5
ERR1289717,1967,99.7,62.3,5682325,255773,125,4170,56.9
ERR1289719,1972,100,62.2,5687008,336038,65,786,57
ERR1289720,1968,99.8,62,5654346,268668,46,578,57.2
ERR1289721,1972,100,61.8,5623214,198137,92,399,57.2
ERR1289722,1972,100,60,5375815,444971,40,596,57.3
ERR1289723,1972,100,61.8,5635434,198137,100,505,57.2
ERR1289724,1970,99.9,62.9,5794209,318471,248,2531,56.7
ERR1289725,1972,100,61.8,5625043,222468,86,389,57.2
ERR1289726,1972,100,60.8,5478049,373193,40,689,57.3
ERR1289727,1972,100,61.6,5596742,203827,91,484,57.2
ERR1289728,1972,100,60.4,5427704,319800,79,540,57.4
ERR1289729,1972,100,60.3,5420700,280556,74,501,57.3
ERR1289730,1971,99.9,61.5,5581350,206448,104,678,57.2
ERR1289731,1972,100,60.5,5441341,230885,59,590,57.4
ERR1289732,1972,100,60.2,5399094,230915,51,589,57.4
ERR1289736,1968,99.8,62.5,5721373,150572,99,489,57
ERR1289737,1971,99.9,62.6,5745040,289462,165,1059,56.9
ERR1289738,1971,99.9,61,5511062,185215,97,496,57.3
ERR1289740,1972,100,60.8,5491125,277731,73,880,57.2
ERR1289741,1972,100,61.8,5635484,269614,85,482,57.1
ERR1289747,1972,100,62.2,5687432,198237,149,1298,57
ERR1289751,1972,100,62.3,5703773,198137,120,704,57
ERR1289752,1972,100,61.6,5596922,156727,99,395,57.1
ERR1289753,1972,100,64.6,6065823,198137,171,1262,56.3
ERR1289754,1972,100,61.4,5568165,365365,73,836,57.2
ERR1289760,1961,99.4,59,5219492,212531,95,599,57.5
ERR1289762,1972,100,61.2,5540281,203109,89,584,57.2
ERR1289763,1972,100,62.1,5671891,135639,112,793,57.1
ERR1289765,1972,100,61.7,5617094,190969,105,636,57.1
ERR1289767,1970,99.9,60.1,5383788,277239,99,765,57.3
ERR1289769,1972,100,59.3,5287128,460011,39,394,57.5
ERR1289771,1965,99.6,59.1,5236643,291864,41,779,57.5
ERR1289772,1972,100,61.8,5630778,264057,89,864,56.8
ERR1289773,1967,99.7,62.6,5736939,177394,95,498,56.6
ERR1289774,1971,99.9,61.9,5630485,198137,91,394,57.1
ERR1289775,1972,100,63.3,5851688,165956,93,790,56.6
ERR1289776,1973,100,63.3,5853514,187939,99,888,56.6
ERR1289789,1972,100,63.6,5907270,233828,437,3426,56.1
ERR1289790,1972,100,63,5813482,358959,143,564,56.8
ERR1289798,1972,100,60.6,5457552,398311,40,992,57.3
ERR1289800,1972,100,61.6,5599263,176375,86,493,57.2
ERR1289802,1971,99.8,62.1,5682185,172649,119,1074,56.9
ERR1289803,1964,99.6,59.8,5325965,155959,111,597,57.5
ERR1289804,1971,99.9,61.3,5548895,259233,48,982,57.3
ERR1289805,1972,100,60.7,5464954,353855,57,893,57.1
ERR1289806,1970,99.9,60.4,5431128,277334,76,790,57.3
ERR1289807,1972,100,61.5,5579802,315032,48,701,57.1
ERR1289808,1972,100,62.2,5680880,303430,51,887,57
ERR1289809,1972,100,62.7,5770496,314559,59,391,57
ERR1289810,1972,100,59.6,5325031,256460,46,986,57.5
ERR1289812,1972,100,60.3,5419280,319654,67,1072,57.4
ERR1289813,1971,99.9,60.3,5414980,252879,58,590,57.3
ERR1289815,1971,99.9,62.8,5783950,323892,284,2990,56.8
ERR1289816,1972,100,60.2,5396745,273775,67,710,57.2
ERR1289817,1971,99.9,63,5801172,270671,71,1002,56.7
ERR1289818,1967,99.7,62.5,5716712,189611,68,595,57
ERR1289819,1971,99.9,63,5800404,240397,70,792,56.7
ERR1289820,1972,100,59.9,5359270,171116,66,691,57.2
ERR1289821,1972,100,60.9,5505921,247985,60,486,57.2
ERR1289822,1972,100,61.3,5561110,358913,56,501,57
ERR1289823,1972,100,62.6,5753610,288479,103,788,56.7
ERR1289826,1972,100,62.2,5686572,343704,45,591,57.1
ERR1289827,1972,100,62.7,5761714,252389,101,591,56.7
ERR1289830,1966,99.7,58.3,5138805,477249,30,726,57.6
ERR1289832,1972,100,60.6,5461207,252834,72,870,57.3
ERR1289833,1972,100,61,5512060,350920,56,798,57.4
ERR1289835,1972,100,62.3,5701058,252649,99,688,56.8
ERR1289839,1972,100,60.9,5492157,306017,79,777,57.3
ERR1289840,1972,100,62.6,5753428,273616,92,685,56.8
ERR1289841,1972,100,62.2,5691003,320427,89,937,56.6
ERR1289842,1972,100,61.7,5615744,362470,57,703,57.1
ERR1289843,1972,100,60.7,5475120,352475,76,451,57.3
ERR1289844,1972,100,61,5519098,309962,61,492,57.2
ERR1289847,1972,100,62.7,5770462,369393,250,2170,56.8
ERR1289848,1972,100,61.5,5587532,230137,71,592,57.1
ERR1289849,1971,99.9,61.2,5537467,351251,59,881,57.3
ERR1289850,1962,99.5,61.5,5561490,238495,69,782,57
ERR1289851,1971,99.9,61,5513618,323958,55,785,57.3
ERR1289852,1971,99.9,62.7,5753508,323958,275,2412,56.9
ERR1289854,1972,100,61.1,5525402,259233,50,786,57.3
ERR1289855,1971,99.9,60.6,5455409,276209,45,777,57.2
ERR1289856,1966,99.7,61.1,5517802,156101,97,786,57.2
ERR1289857,1972,100,60.3,5411935,317698,66,484,57.4
ERR1334417,1971,99.9,60.5,5446962,197694,69,784,57.4
ERR1334418,1972,100,61.4,5565171,198137,78,295,57.2
ERR1334420,1972,100,62.2,5684295,157583,106,588,57.1
ERR1334421,1972,100,62.1,5673887,138425,187,1067,57
ERR1334422,1974,100,60,5372946,294347,36,595,57.4
ERR1334424,1972,100,61.6,5592619,198137,75,293,57.1
ERR1334425,1972,100,61.4,5565295,251475,76,586,57.2
ERR1334426,1972,100,60,5374278,304414,61,486,57.4
ERR1334433,1972,100,62.8,5778853,149640,161,1399,56.8
ERR1334434,1972,100,59.9,5361010,368979,46,688,57.4
ERR1334438,1972,100,59.9,5366843,348418,37,700,57.2
ERR1334440,1971,99.9,60.4,5430664,271608,74,1413,57.3
ERR1334441,1972,100,61.5,5584014,157587,119,647,57.2
ERR1334442,1971,99.9,61.2,5540055,221562,95,198,57.3
ERR1334448,1972,100,61.1,5534245,291800,53,789,57
ERR1334449,1971,99.9,61.5,5575133,198137,70,700,57.2
ERR1334451,1972,100,62,5652951,146310,109,593,57.1
ERR1334454,1965,99.6,60.9,5481877,305437,66,700,57.3
ERR1334455,1972,100,61.1,5533479,298687,57,592,57.2
ERR1334460,1972,100,62.4,5712300,135641,188,1379,57
ERR1334464,1972,100,59.8,5341731,352980,36,698,57.5
ERR1334469,1971,99.9,62.3,5696751,198137,112,490,57.1
ERR1334470,1972,100,63.2,5849538,165825,139,690,56.9
ERR1334471,1971,99.9,62.3,5699833,186456,118,487,57.1
ERR1334472,1972,100,60.2,5401689,350072,45,595,57.3
ERR1334473,1972,100,61.6,5594567,295040,57,888,57.2
ERR1334474,1962,99.5,61.2,5518532,230275,76,605,57.2
ERR1334475,1972,100,61.8,5626844,300495,59,789,56.8
ERR1334482,1972,100,61.1,5530428,286179,53,991,57.1
ERR1334485,1971,99.9,61.6,5595086,203710,82,495,57.2
ERR1334492,1972,100,62.1,5667878,202007,130,564,57.1
ERR1334494,1972,100,61.9,5646581,146800,111,875,57.1
ERR1334496,1972,100,61.7,5607104,366783,49,690,57.1
ERR1334497,1972,100,63,5817299,186005,221,2315,56.9
ERR1334499,1972,100,62.6,5751917,528376,49,587,56.8
ERR1334500,1971,99.9,60.1,5383705,480033,53,487,57.3
ERR1334503,1972,100,62,5659809,377049,62,1080,57.1
ERR1334504,1951,98.9,60,5333587,188662,70,588,57.2
ERR1334507,1972,100,61.1,5531297,342161,45,783,57.3
ERR1334508,1972,100,62.6,5753042,371632,66,1077,56.8
ERR1334509,1972,100,64.4,6046584,267148,371,6975,56.2
ERR1334510,1972,100,62.1,5678096,305374,197,2237,56.7
ERR1334511,1972,100,62.7,5769152,368081,57,390,57
ERR1334519,1972,100,61.3,5562148,314659,120,1263,57.1
ERR1334521,1969,99.8,61.1,5511158,361949,68,602,57.3
ERR1334522,1971,99.9,61.9,5637601,348829,416,4388,56.8
ERR1334526,1972,100,61.9,5644378,281147,69,916,57.1
ERR1334530,1971,99.9,59.9,5353883,534276,32,490,57.3
ERR1334535,1970,99.9,61.3,5535251,208156,82,493,57.2
ERR1334543,1972,100,62.3,5701087,500040,163,3599,56.7
ERR1334550,1972,100,59.1,5257861,307842,45,388,57.5
ERR1334551,1972,100,61.7,5608745,307842,264,5796,57
ERR1334560,1972,100,62.6,5743130,215918,266,2721,56.9
ERR1334574,1972,100,61.6,5603065,299686,76,699,57.1
ERR1334581,1966,99.7,61.6,5588722,132463,212,1754,57
ERR1334582,1972,100,62.1,5666180,190974,98,879,57.1
ERR1334583,1972,100,62,5662649,165774,94,873,57.1
ERR1334584,1972,100,62.1,5667392,211445,97,689,57.1
ERR1334585,1972,100,60,5377409,373644,47,883,57.4
ERR1334587,1972,100,60.5,5441115,192380,60,390,57.3
ERR1334590,1972,100,60.1,5386124,376332,53,1139,57.4
ERR1334591,1972,100,60,5374362,301358,53,699,57.4
ERR1334598,1972,100,59.7,5336511,399697,25,594,57.5
ERR1334599,1969,99.8,61.7,5605526,275318,63,881,57.1
ERR1334601,1972,100,62.2,5683771,198145,80,490,56.9
ERR1334602,1972,100,63.2,5841009,303374,219,1936,56.7
ERR1334603,1972,100,62.6,5754691,139816,95,392,56.6
ERR1334604,1972,100,61.3,5559283,348517,115,2129,57.1
ERR1334605,1971,99.9,61.9,5629102,203834,84,489,57.1
ERR1334606,1971,99.9,61.8,5619338,214561,79,687,57.2
ERR1334607,1972,100,62.9,5798517,203694,218,2886,56.8
ERR1334609,1971,99.9,60.6,5452031,318483,58,780,57.3
ERR1334610,1972,100,59.1,5252162,234673,57,589,57.5
ERR1334611,1972,100,62.5,5733083,364878,91,494,57
ERR1334613,1971,99.9,62.1,5671963,203834,241,1630,57.1
ERR1334616,1972,100,62,5662853,150831,111,921,57
ERR1334617,1972,100,59.8,5342268,350794,51,692,57.3
ERR1334618,1972,100,62.1,5670310,499650,173,1473,57
ERR1334619,1972,100,62.5,5730080,203173,105,495,56.9
ERR1334620,1972,100,62.1,5675120,175595,143,965,57
ERR1334621,1972,100,61.8,5625162,166031,95,781,57.1
ERR1334627,1966,99.7,59.9,5353561,198237,65,489,57.4
ERR1334632,1972,100,61.1,5530732,176639,101,822,57
ERR1334633,1972,100,62.5,5734241,276490,60,715,56.8
ERR1334634,1972,100,59.1,5250590,364737,35,786,57.5
ERR1334636,1972,100,61.9,5636516,370257,49,974,57.1
ERR1334637,1971,99.9,59,5234988,325617,41,589,57.5
ERR1334638,1972,100,61.1,5532903,222626,65,779,57.2
ERR1334641,1972,100,60.5,5441528,309541,53,974,57.4
ERR1334642,1971,99.9,59.5,5306303,355609,47,783,57.4
ERR1334644,1972,100,62.2,5689752,258049,68,511,57.1
ERR1334648,1972,100,62.8,5780291,340054,57,502,56.6
ERR1334649,1969,99.8,59.9,5353169,284264,60,679,57.4
ERR1334650,1969,99.8,61.1,5515085,136514,180,591,57.2
ERR1334651,1972,100,60.9,5493708,263654,54,489,57.2
ERR1334652,1972,100,61.7,5618095,201798,77,690,57.2
ERR1334653,1971,99.9,61.9,5632819,201798,77,596,57.2
ERR1334654,1972,100,61.8,5630528,201798,77,676,57.2
ERR1334655,1971,99.9,60.5,5439973,321803,44,682,57.3
ERR1334656,1972,100,60.8,5488217,248524,71,593,57.4
ERR1334657,1971,99.9,61.4,5568424,292195,109,791,57.1
ERR1334658,1972,100,60.8,5491478,229755,57,884,57.2
ERR1334659,1972,100,61.9,5644939,263382,79,635,57.2
ERR1334660,1970,99.9,62.1,5670885,226171,93,588,57
ERR1334661,1967,99.7,61.7,5606131,190947,81,489,57.2
ERR1334662,1972,100,61.8,5628732,201798,77,687,57.2
ERR1334663,1972,100,61.5,5583186,190947,76,491,57.2
ERR1334666,1972,100,62.6,5741409,321900,59,783,57.2
ERR1334667,1969,99.8,61.1,5523432,136539,158,679,57.2
ERR1334668,1972,100,60.8,5491533,209306,53,784,57.2
ERR1334669,1972,100,62.6,5751996,359171,76,993,56.8
ERR1334671,1971,99.9,60,5368296,230822,129,1350,57.4
ERR1334672,1968,99.8,59.9,5339667,253504,111,197,57.3
ERR1334673,1972,100,61.7,5616623,223666,77,783,57.2
ERR1334674,1972,100,59.4,5295413,228679,61,703,57.5
ERR1334675,1971,99.9,61.9,5630320,201798,78,691,57.2
ERR1334676,1972,100,61.8,5629894,201798,74,780,57.2
ERR1334677,1972,100,59.9,5360994,320351,55,680,57.4
ERR1334678,1971,99.9,60.9,5500056,362244,51,586,57.2
ERR1334679,1972,100,60.6,5460552,247467,56,586,57.3
ERR1334680,1971,99.9,61.9,5643785,482655,80,780,57
ERR1334681,1971,99.9,62,5654257,516663,83,392,57
ERR1334682,1972,100,60.9,5492565,260366,59,692,57.2
ERR1334683,1972,100,63.2,5838899,199995,114,789,56.6
ERR1334684,1972,100,62.6,5751375,300333,78,1182,56.8
ERR1334685,1972,100,61.8,5631628,190947,79,494,57.2
ERR1334686,1970,99.9,59.6,5323400,159139,111,492,57.5
ERR1334687,1971,99.9,61.6,5599331,224206,65,495,57.1
ERR1334688,1972,100,60.6,5454768,263026,64,690,57.3
ERR1334690,1972,100,61.2,5542144,264754,42,491,57.1
ERR1334691,1972,100,61.2,5534529,249069,74,780,57.3
ERR1334692,1971,99.9,62.7,5751002,379008,80,882,56.8
ERR1334693,1972,100,61.7,5611321,369309,42,787,57.2
ERR1334695,1971,99.9,59.8,5345299,461482,33,488,57.3
ERR1334696,1967,99.7,61.8,5608248,190947,82,691,57.2
ERR1334697,1972,100,61.8,5630987,201798,81,675,57.2
ERR1334698,1972,100,61.5,5585750,190947,77,777,57.2
ERR1334699,1972,100,60.5,5439977,178220,72,194,57.3
ERR1334700,1972,100,60.8,5477263,227957,67,287,57.4
ERR1334701,1972,100,61.7,5617758,190947,76,693,57.2
ERR1334703,1971,99.9,61.2,5543320,369114,56,786,57.3
ERR1334704,1971,99.9,61.3,5553536,375979,73,393,57.2
ERR1334705,1972,100,61.8,5626919,223666,75,484,57.2
ERR1334706,1972,100,61.9,5649447,329455,67,985,56.8
ERR1334707,1971,99.9,61.6,5592797,313441,66,297,57.1
ERR1334709,1972,100,62.7,5768441,427807,79,979,56.8
ERR1334710,1962,99.5,60.6,5430342,223498,62,389,57.3
ERR1334711,1971,99.9,59,5237210,338179,32,577,57.5
ERR1334712,1972,100,60.9,5498758,203099,63,591,57.2
ERR1334713,1971,99.9,61.5,5591269,272665,69,489,57.3
ERR1334714,1972,100,60.8,5487645,209306,58,590,57.2
ERR1334715,1972,100,60.1,5387649,186263,70,585,57.3
ERR1334716,1972,100,61.8,5629066,284494,60,590,57
ERR1334722,1972,100,60.9,5493452,267415,61,876,57.3
ERR1334723,1971,99.9,60.4,5427514,481732,46,786,57.1
ERR1334724,1972,100,60.5,5439149,259912,62,395,57.4
ERR1334725,1972,100,60.4,5431269,253953,59,790,57.4
ERR1334727,1972,100,62.1,5668578,371946,45,588,57.1
ERR1334728,1972,100,60.7,5475300,284494,52,496,57
ERR1334729,1972,100,59.9,5362402,301591,49,388,57.4
ERR1334730,1972,100,60.7,5470805,276422,52,880,57.4
ERR1334731,1969,99.8,62,5652774,131515,179,687,57
ERR1334733,1969,99.8,62.5,5734849,321669,59,585,57.2
ERR1334734,1972,100,61.4,5572594,248524,90,494,57.3
ERR1334735,1971,99.9,59.8,5341427,461039,28,395,57.3
ERR1334736,1964,99.6,61.5,5547275,289417,45,1366,57.3
ERR1334737,1972,100,60.8,5480515,227957,68,288,57.4
ERR1334738,1971,99.9,61.6,5594333,253383,61,387,57.1
ERR1334740,1972,100,61.5,5586351,274156,67,595,57.2
ERR1334741,1972,100,61.6,5599003,195645,96,387,57.2
ERR1334743,1972,100,60.6,5457128,332426,48,387,57.3
ERR1374861,1971,99.9,61.4,5572628,241214,251,1589,57.1
ERR1374862,1971,99.9,60.5,5443125,312692,64,791,57.4
ERR1374863,1969,99.8,62.3,5697101,353664,46,692,57
ERR1374866,1972,100,60.9,5504160,804212,29,678,57.1
ERR1374869,1972,100,61.2,5544067,311550,55,687,57.1
ERR1374873,1972,100,60.9,5494699,343487,60,987,57.2
ERR1374875,1971,99.9,60.9,5490651,183350,76,494,57.3
ERR1374876,1967,99.7,60.7,5445890,315808,110,636,57.3
ERR1374878,1958,99.3,60.9,5460866,207295,92,494,57.2
ERR1374879,1972,100,62.2,5682085,309600,146,1212,56.9
ERR1374880,1972,100,63.3,5861648,301059,170,1889,56.7
ERR1374881,1972,100,61.8,5631035,214732,83,1073,57.1
ERR1374882,1972,100,62.3,5709475,323362,71,970,56.9
ERR1374883,1972,100,62.5,5735820,241314,90,591,56.9
ERR1374884,1971,99.9,60.7,5464145,182695,72,487,57.3
ERR1374887,1967,99.7,61.2,5527909,208487,88,771,57.2
ERR1374888,1972,100,59,5237507,172497,80,99,57.4
ERR1374890,1972,100,58.6,5196912,182695,50,592,57.6
ERR1374891,1968,99.8,60.5,5437278,143684,125,788,57.3
ERR1374894,1972,100,61.7,5608983,264553,65,780,56.7
ERR1374895,1972,100,62.4,5714166,235639,82,791,56.7
ERR1374896,1972,100,59,5245287,278347,50,488,57.6
ERR1374897,1972,100,61.2,5534466,350226,51,394,56.9
ERR1374898,1972,100,61.9,5636159,319377,73,807,56.7
ERR1374899,1972,100,61.8,5634434,350280,86,771,56.7
ERR1374900,1972,100,61.7,5620308,264139,64,585,56.7
ERR1374901,1953,99,63.1,5770633,140484,374,2904,56.4
ERR1374902,1972,100,63.5,5894719,362666,114,691,56.4
ERR1374903,1972,100,61.6,5600434,144177,101,601,57.1
ERR1374904,1972,100,63.3,5860749,208011,124,707,56.7
ERR1374906,1972,100,61.3,5557387,361383,61,893,57.2
ERR1374907,1971,99.9,62.8,5770464,249108,98,785,56.6
ERR1374908,1972,100,61.7,5618409,323178,60,872,56.7
ERR1374909,1972,100,60.9,5498289,182695,89,497,57.3
ERR1374910,1972,100,61.8,5629269,217224,110,858,56.9
ERR1374912,1964,99.6,62.9,5764985,257558,82,874,56.6
ERR1374913,1972,100,60.8,5484281,197106,87,588,57.3
ERR1374914,1972,100,59.1,5257386,350711,39,890,57.5
ERR1374915,1972,100,61.6,5606354,313858,71,888,57.1
ERR1374916,1971,99.9,63.1,5817634,348757,86,731,56.8
ERR1374917,1971,99.9,59.8,5347443,304835,60,790,57.4
ERR1374918,1972,100,62,5665214,387027,60,884,57.1
ERR1374919,1971,99.9,63,5808457,306479,104,586,56.7
ERR1374920,1972,100,61.9,5642578,289208,86,795,57.1
ERR1374921,1972,100,60.3,5420363,320720,54,686,57.4
ERR1374922,1972,100,61.6,5602773,352544,73,692,57.1
ERR1374923,1970,99.9,60.3,5407854,286229,60,593,57.4
ERR1374924,1972,100,60.1,5393538,350270,52,493,57.3
ERR1374926,1971,99.9,61.5,5577126,198127,102,291,57.2
ERR1374927,1971,99.9,63.2,5831284,350095,76,503,56.7
ERR1374928,1971,99.9,62.7,5755111,349458,80,691,56.9
ERR1374929,1972,100,61.9,5649673,296880,79,686,57.1
ERR1374936,1972,100,61.4,5565828,180446,89,788,57.2
ERR1374947,1972,100,57.5,5054228,178816,63,196,57.7
ERR1374960,1971,99.9,62.5,5729239,217465,78,1084,56.7
ERR1374975,1972,100,62.4,5712145,313661,80,879,56.7
ERR1374976,1972,100,64.1,5982288,185974,162,1279,56.4
ERR1374978,1972,100,60.5,5447289,198137,62,383,57.4
ERR1374989,1972,100,59.8,5347357,370858,39,790,57.4
ERR1374993,1972,100,60.7,5472384,378247,51,947,57.3
ERR1374994,1972,100,61.5,5589727,240554,73,1180,57.1
ERR1374995,1971,99.9,58.9,5221171,337201,49,587,57.4
ERR1374998,1972,100,63.4,5868770,214817,111,684,56.8
ERR1375002,1961,99.4,61.2,5522749,130503,96,589,57
ERR1375004,1972,100,61.5,5583814,311292,52,774,57.1
ERR1375008,1972,100,60.3,5416773,262905,59,787,57.3
ERR1375016,1972,100,59.5,5305775,294077,40,888,57.4
ERR1375017,1971,99.9,58.4,5159667,183923,53,683,57.5
ERR1375020,1971,99.9,61.3,5558914,335817,55,686,57.1
ERR1375021,1972,100,59.4,5298172,466371,50,997,57.6
ERR1375022,1968,99.8,60.5,5443299,172541,86,784,57.3
ERR1375031,1972,100,61.3,5561017,312826,94,393,57.2
ERR1375039,1972,100,58.5,5181371,311028,41,298,57.5
ERR1375043,1969,99.8,61.8,5620180,220498,283,1505,57.1
ERR1415458,1972,100,58.7,5206296,369321,39,592,57.5
ERR1415459,1971,99.9,60.6,5452930,329079,76,686,57.3
ERR1415460,1972,100,60.9,5500354,255068,62,419,57
ERR1415463,1972,100,61.6,5594030,263650,77,592,57
ERR1415464,1972,100,61.6,5604425,382102,89,692,57
ERR1415466,1972,100,61.4,5570381,203836,63,335,57.1
ERR1415471,1972,100,61.6,5595841,249411,586,2969,56.8
ERR1415472,1971,99.9,62,5653537,299374,82,299,57.1
ERR1415473,1970,99.9,62,5653009,299011,81,684,57.1
ERR1415475,1972,100,60.7,5471634,274298,62,1377,57.2
ERR1415476,1966,99.7,62.2,5676746,195882,96,790,57
ERR1415479,1972,100,61.9,5649357,410662,54,1093,56.8
ERR1415481,1972,100,62.5,5737973,301228,114,382,56.9
ERR1415484,1971,99.9,62,5658193,234618,95,588,57
ERR1415487,1972,100,62.1,5673503,239673,86,494,57
ERR1415490,1972,100,61.9,5646534,206622,78,395,57.1
ERR1415491,1972,100,62.5,5736868,176491,117,775,57
ERR1415492,1972,100,61.7,5606707,259206,62,886,57
ERR1415497,1972,100,62.1,5678095,513297,111,713,57
ERR1415515,1972,100,61,5518086,211515,81,728,57.2
ERR1415518,1970,99.9,61.8,5619013,186726,112,389,57.1
ERR1415522,1971,99.9,61.3,5557967,342801,106,611,57.2
ERR1415525,1972,100,62.6,5747795,167795,92,982,57
ERR1415529,1971,99.9,60.5,5432784,289784,68,787,57.4
ERR1415535,1971,99.9,62.7,5764044,203710,156,1109,57
ERR1415536,1972,100,61.4,5569081,399412,43,1090,57.1
ERR1415538,1972,100,61.4,5570174,359156,42,1178,57.1
ERR1415539,1968,99.8,61.8,5614010,148371,89,688,57.1
ERR1415542,1971,99.9,61.4,5569352,343779,127,295,57.2
ERR1415549,1971,99.9,62,5656575,199086,96,395,57.1
ERR1415555,1972,100,62.6,5750875,167795,96,642,57
ERR1415556,1971,99.9,61,5508040,308644,56,793,57.2
ERR1415564,1972,100,61.9,5643723,198137,102,390,57.1
ERR1415565,1969,99.8,60.3,5412644,117538,107,486,57.3
ERR1415569,1972,99.9,63.6,5914651,128641,201,730,56.7
ERR1415571,1972,100,61.7,5614954,188246,99,696,57.3
ERR1415573,1966,99.7,62.3,5677268,115501,196,3159,56.9
ERR1415574,1972,100,61.2,5542733,160976,106,1255,57.3
ERR1415581,1972,100,59.4,5296174,319828,50,1383,57.6
ERR1415582,1972,100,60.6,5450801,531057,59,696,57.3
ERR1415583,1972,100,60.7,5464297,388862,78,395,57.4
ERR1415584,1972,100,61.3,5556652,172638,97,690,57.2
ERR1415585,1971,99.9,61.5,5580569,198137,89,401,57.3
ERR1415586,1969,99.8,60.6,5446959,324028,67,596,57.1
ERR1415587,1972,100,61.9,5637382,402929,89,689,57.1
ERR1415588,1972,100,62.5,5732253,194792,87,694,56.7
ERR1415590,1972,100,62.6,5741939,194310,108,525,57
ERR1415592,1972,100,60.7,5474584,269614,74,594,57.4
ERR1415593,1972,100,61.8,5626286,179438,79,399,56.9
ERR1415594,1972,100,62.5,5740306,233978,119,647,56.9
ERR1415599,1967,99.7,61.6,5583019,295736,70,425,57
ERR1415600,1971,99.9,61.9,5646751,362315,64,789,57
ERR1415603,1972,100,62.6,5754779,203752,100,691,57
ERR1415604,1972,100,60.1,5388551,311736,78,1202,57.3
ERR1415605,1967,99.7,62.6,5726905,152511,119,2858,56.9
ERR1415607,1969,99.8,62.4,5705225,140727,117,2956,57
ERR1415608,1957,99.2,61.7,5564860,201128,98,493,56.9
ERR1415609,1961,99.4,63.6,5852327,172477,119,4269,56.6
ERR1415610,1972,100,60.8,5485104,214943,80,616,57.3
ERR1415611,1972,100,60.4,5428293,269614,157,412,57.3
ERR1415612,1970,99.9,63.3,5860505,329363,96,1074,56.6
ERR1415613,1972,100,60.5,5448325,215590,96,738,57.4
ERR1415614,1966,99.7,61.9,5633814,382071,90,305,57.1
ERR1415615,1948,98.8,60.4,5366020,193732,64,676,57.1
ERR1415616,1972,100,62.4,5714444,185621,94,888,57
ERR1415617,1971,99.9,59.1,5259234,316202,66,520,57.5
ERR1415618,1969,99.8,62.3,5691547,124551,124,2753,57
ERR1415619,1972,100,61.1,5531688,492347,137,1947,57
ERR1415620,1966,99.7,62.6,5727733,142395,117,3154,56.9
ERR1415621,1969,99.8,62.5,5726443,143314,119,3660,56.9
ERR1415622,1968,99.8,62.6,5724824,178190,112,3449,56.9
ERR1415623,1972,100,61.9,5641593,206819,61,590,57.2
ERR1415625,1972,100,59.2,5268671,308502,49,794,57.5
ERR1415626,1966,99.7,62.8,5728799,173633,115,3435,56.9
ERR1415627,1972,100,62.5,5730551,179350,99,1184,56.9
ERR1415629,1970,99.9,60.1,5387837,319832,53,789,57.4
ERR1415630,1972,100,61.6,5603782,344583,64,496,57.2
ERR1415631,1962,99.5,61.3,5505615,136464,101,4746,57.1
ERR1415632,1971,99.9,59.9,5359740,331016,53,794,57.3
ERR1415633,1972,100,62.5,5735118,223975,94,1083,56.9
ERR1415635,1972,100,60.6,5452233,338085,50,985,57.2
ERR1415636,1972,100,60.8,5481896,241411,59,909,57.2
ERR1415637,1972,100,63.1,5832622,210803,101,613,56.8
ERR1415638,1972,100,63.2,5839899,307155,164,666,56.8
ERR1415639,1972,100,61.6,5602328,194074,87,790,57.1
ERR1415640,1971,99.9,62.9,5797056,158220,97,789,56.7
ERR1415642,1970,99.9,61.6,5591260,356062,162,1361,57.1
ERR1415643,1972,100,62.5,5737313,208846,110,1031,56.9
ERR1415644,1971,99.9,60.6,5455923,362914,55,297,57.3
ERR1415645,1972,100,62.4,5716151,194178,98,793,57
ERR1415647,1972,100,62.5,5738167,306647,96,397,56.9
ERR1415648,1972,100,58.5,5180990,365988,63,350,57.5
ERR1415649,1969,99.8,62.6,5735996,177914,109,2765,56.9
ERR1415651,1972,100,62.7,5759577,240291,127,791,56.9
ERR1415652,1972,100,62.6,5746217,248688,97,886,56.9
ERR1415653,1972,100,62.5,5733905,239529,89,493,56.9
ERR1415657,1970,99.9,61.3,5552751,179274,83,2752,57
ERR1415658,1971,99.9,62.8,5770125,301176,310,1907,56.4
ERR1415659,1968,99.8,61.4,5553115,145953,90,2675,57
ERR1415660,1972,100,61.3,5558492,281725,75,591,57
ERR1415661,1972,100,62.1,5667435,188229,93,698,57.2
ERR1415663,1972,100,61.6,5598262,203835,145,894,57.2
ERR1415665,1971,99.9,60.5,5438506,203835,77,533,57.4
ERR1415666,1970,99.9,60.5,5445618,197694,78,935,57.4
ERR1415668,1972,100,63.1,5825393,182695,84,687,57
ERR1415669,1971,99.9,60.2,5394346,176641,73,585,57.4
ERR1415670,1969,99.8,59.9,5355474,327216,148,1563,57.4
ERR1415671,1968,99.8,61.4,5558157,188518,95,697,57.3
ERR1415672,1966,99.7,61.6,5584157,374887,186,2206,56.9
ERR1415673,1971,99.9,60.9,5502545,285134,43,985,57.3
ERR1415674,1972,100,61.9,5646576,182795,173,1501,57
ERR1415675,1972,100,63.1,5822771,203835,86,286,57
ERR1415677,1972,100,61.4,5573314,172492,94,583,57.2
ERR1415678,1972,100,59.8,5348492,172492,83,501,57.4
ERR1415680,1972,100,62.5,5736780,170937,109,817,57
ERR1415681,1972,100,59.7,5331415,197698,69,693,57.4
ERR1415682,1972,100,60.9,5497596,344539,44,1374,57.4
ERR1415683,1972,100,59.5,5303332,322311,124,817,57.4
ERR1415684,1972,100,62.6,5751562,165612,78,486,57
ERR1415685,1967,99.7,61.5,5560886,273975,75,1770,57.2
ERR1415687,1972,100,60.8,5488217,367285,59,989,57.1
ERR1415689,1966,99.7,61.5,5563825,172950,97,708,57.2
ERR1415692,1971,99.9,61.3,5549875,184053,72,1383,57.2
ERR1415693,1971,99.9,61.5,5585336,172690,71,393,57.1
ERR1415699,1972,100,60.5,5437205,203711,66,488,57.4
ERR1415700,1971,99.9,62.2,5689761,203570,137,1591,57
ERR1415704,1964,99.6,58.7,5188768,203664,64,722,57.5
ERR1415705,1972,100,58.4,5168798,370093,35,599,57.6
ERR1415706,1972,100,61.5,5590911,188487,91,496,57.1
ERR1415709,1967,99.7,61.2,5526394,171183,97,417,57
ERR1415710,1966,99.7,59.1,5244970,319158,38,691,57.5
ERR1415711,1972,100,60.3,5410279,203835,60,598,57.4
ERR1415712,1969,99.8,61.4,5563490,196212,73,782,57.3
ERR1415713,1972,100,60.2,5406181,182695,61,393,57.4
ERR1415714,1972,100,59.7,5334973,398366,41,1486,57.4
ERR1415715,1972,100,60.9,5496681,209547,70,397,57.3
ERR1415716,1972,100,61.7,5612566,270541,65,674,57
ERR1415717,1972,100,60.2,5405249,182695,67,492,57.4
ERR1415718,1970,99.9,60.8,5480551,172911,100,892,57.3
ERR1415720,1972,100,61.9,5643819,188229,91,900,57.2
ERR1415723,1972,100,61.3,5553748,182695,72,391,57.2
ERR1415724,1972,100,62,5663401,191163,67,886,57.1
ERR1415726,1972,100,60.4,5426570,167750,74,678,57.4
ERR1415727,1972,100,61.7,5614157,203835,72,686,57.2
ERR1415728,1971,99.9,59.6,5323456,220810,65,392,57.5
ERR1415731,1962,99.5,62.2,5641499,172656,119,731,56.9
ERR1415732,1972,100,61.9,5646393,168663,79,588,57
ERR1415733,1972,100,60.7,5464618,197698,208,1031,57.2
ERR1415734,1972,100,59.9,5356660,177125,75,493,57.4
ERR1415735,1972,100,60.2,5399529,198471,130,997,57.4
ERR1415737,1972,100,60.1,5392289,172404,75,660,57.4
ERR1415738,1972,100,60.5,5445278,217034,81,789,57.4
ERR1415739,1971,99.9,60.6,5453243,293513,66,843,57.2
ERR1415740,1971,99.9,60.1,5384445,177424,67,619,57.4
ERR1415741,1972,100,60,5369815,172492,85,599,57.4
ERR1415742,1972,100,62,5663977,194383,91,987,57.3
ERR1415744,1965,99.6,60.8,5475544,178217,116,791,57.3
ERR1415746,1972,100,60.9,5497048,294158,53,1082,57.4
ERR1415747,1972,100,61.6,5599525,198026,83,685,57.2
ERR1415748,1972,100,59.8,5349907,257729,43,593,57.4
ERR1415749,1972,100,59.9,5359389,349850,44,888,57.5
ERR1415750,1972,100,60.8,5486342,200318,75,1084,57.2
ERR1415751,1964,99.6,59.5,5295375,182702,60,458,57.5
ERR1415752,1972,100,62,5658809,191683,85,397,57.3
ERR1415754,1970,99.9,61.3,5551978,201128,67,494,57.2
ERR1415755,1955,99.1,61.1,5486928,289949,64,890,56.9
ERR1415756,1972,100,61.6,5601231,172492,93,590,57.1
ERR1415757,1972,100,63.1,5833115,208011,115,494,56.8
ERR1415758,1966,99.7,63.3,5840082,185974,139,830,56.8
ERR1415759,1972,100,63.1,5831774,208011,116,695,56.8
ERR1415761,1972,100,61.8,5630706,158128,136,607,57
ERR1415762,1972,100,61.6,5600546,158988,109,683,57.1
ERR1415763,1972,100,63.7,5921879,183064,146,811,56.6
ERR1415764,1972,100,63,5817026,185974,118,394,56.8
ERR1415765,1972,100,63.1,5832461,170645,123,492,56.8
ERR1415766,1972,100,60.7,5476653,198137,72,485,57.3
ERR1415768,1972,100,61.8,5629583,183125,96,528,57.2
ERR1415769,1972,100,62.8,5776333,235160,92,1187,56.6
ERR1415770,1972,100,62.4,5714172,358378,78,724,56.8
ERR1415771,1972,100,61.4,5563132,233618,75,595,57.3
ERR1415773,1972,100,61.7,5620655,197230,125,667,57
ERR1415774,1972,100,61.3,5556691,172492,93,294,57.1
ERR1415775,1972,100,63.9,5962840,179557,205,881,56.6
ERR1415776,1972,100,63.1,5825182,224404,122,499,56.8
ERR1415777,1956,99.2,61.3,5495168,350108,56,693,56.8
ERR1415778,1970,99.9,62.2,5683632,145997,214,694,56.9
ERR1415779,1972,100,61.6,5596619,142390,100,493,57.1
ERR1415780,1972,100,61.4,5565931,256608,71,1079,56.7
ERR1415781,1972,100,62.2,5686484,192826,116,692,56.9
ERR1415782,1957,99.2,62.5,5704620,248067,84,979,56.9
ERR1415784,1971,99.9,61.2,5531436,143586,93,697,57.2
ERR1415785,1971,99.9,60.9,5491388,182647,106,782,57.3
ERR1415786,1960,99.4,61.2,5503884,369856,69,395,56.9
ERR1415789,1972,100,62.8,5775128,319424,87,774,56.6
ERR1415798,1972,100,60.9,5497889,168163,97,489,57.2
ERR1415799,1958,99.3,63.5,5854664,232382,245,1318,56.6
ERR1415802,1972,100,61.5,5579454,144002,90,391,57.1
ERR1415804,1972,100,62.3,5703653,210868,50,882,57
ERR1415805,1972,100,62.3,5704122,321965,46,736,57
ERR1415806,1972,100,61.9,5641187,190235,109,595,57
ERR1415807,1972,100,61.9,5638410,249456,150,397,57
ERR1415809,1972,100,62.1,5666391,190225,139,396,56.9
ERR1415813,1972,100,61.9,5637811,249566,107,388,57
ERR1415814,1972,100,62.1,5665719,168152,135,407,57
ERR1415819,1972,100,61.7,5611569,172911,124,411,57.1
ERR1415820,1972,100,62.1,5666697,208012,107,987,56.9
ERR1415824,1972,100,60.5,5443196,498672,55,604,57.3
ERR1514846,1972,100,62.4,5717032,286702,47,982,57
ERR1514848,1972,100,60.6,5459984,357076,39,693,57.2
ERR1514849,1970,99.9,61.6,5600678,193923,95,760,57.3
ERR1514850,1958,99.3,62.7,5741182,205703,95,691,56.7
ERR1514851,1972,100,60.6,5454145,308921,37,789,57.2
ERR1514852,1972,100,62.9,5799884,301493,276,1298,56.7
ERR1514854,1948,98.8,61.2,5480945,65996,428,2107,56.9
ERR1514855,1972,100,60.1,5385036,241055,55,494,57.3
ERR1514857,1970,99.9,62.6,5750329,186767,113,984,56.7
ERR1514858,1972,100,59.5,5304126,368317,61,449,57.4
ERR1514859,1972,100,60.3,5415057,307842,51,487,57.3
ERR1514860,1970,99.9,60.4,5422491,224228,65,884,57.3
ERR1514862,1972,100,61.8,5632888,348584,48,543,57.1
ERR1514864,1972,100,61.3,5555789,331770,36,689,57.3
ERR1514865,1971,99.9,61.4,5572502,282944,83,492,57
ERR1514866,1972,100,60.7,5472025,269210,57,491,57.2
ERR1514867,1971,99.9,60.2,5405096,407189,29,1089,57.2
ERR1514870,1972,100,60.2,5404124,392662,26,797,57.4
ERR1514871,1972,100,62.9,5802901,350260,61,597,56.6
ERR1514872,1972,100,61,5506304,250461,41,690,57.4
ERR1514873,1968,99.8,61.7,5601274,268671,45,685,57.1
ERR1514874,1959,99.3,60.9,5471965,370866,52,788,57
ERR1514876,1972,100,61.4,5568290,164922,74,694,57.3
ERR1514877,1972,100,64.7,6085257,188712,114,589,56.2
ERR1514882,1971,99.9,63.8,5943918,185666,121,1568,56.7
ERR1514884,1972,100,61.4,5569410,274156,67,892,57.2
ERR1514886,1972,100,61.6,5602412,288924,80,490,57.1
ERR1514887,1972,100,61.7,5610055,261430,76,677,56.9
ERR1514890,1972,100,62,5664738,231238,99,899,56.8
ERR1514892,1972,100,62,5663801,203818,109,490,57.1
ERR1514893,1972,100,62.1,5666276,198237,121,492,57.1
ERR1514895,1972,100,61.6,5593730,203818,93,693,57.2
ERR1514896,1972,100,63,5815721,275654,55,687,56.9
ERR1514897,1969,99.8,61.9,5635309,253110,91,1061,57.1
ERR1514898,1972,100,62.4,5719296,169495,88,980,57
ERR1514899,1972,100,61.3,5561197,360737,86,906,57.1
ERR1514901,1972,100,62.7,5768195,272637,64,590,57
ERR1514902,1971,99.9,60.7,5460659,321409,37,594,57.2
ERR1514903,1972,100,61.6,5603952,263267,68,608,56.9
ERR1514904,1972,100,61.7,5612041,252395,69,782,56.9
ERR1514905,1972,100,62,5660845,203818,109,585,57.1
ERR1514906,1971,99.9,62.2,5683932,322448,72,498,57.1
ERR1514909,1972,100,63,5817609,234720,61,1177,56.9
ERR1514911,1971,99.9,64.2,6007491,321723,77,494,56.6
ERR1514912,1966,99.7,61.5,5570921,212129,75,502,57.1
ERR1514913,1972,100,62.5,5730642,231023,92,594,57
ERR1514914,1972,100,62,5661379,212129,99,783,57.1
ERR1514918,1972,100,62.4,5719419,267159,73,495,56.8
ERR1514920,1972,100,62.8,5772759,379705,54,574,57
ERR1514921,1967,99.7,61.1,5517283,197966,79,492,57.3
ERR1514923,1972,100,61.8,5626135,343799,47,884,57.1
ERR1514924,1971,99.9,62.9,5795879,251289,100,1367,56.8
ERR1514925,1963,99.5,61.2,5505294,159411,85,489,57.1
ERR1514926,1972,100,61.5,5581073,130929,107,492,57.1
ERR1514927,1972,100,63.1,5829709,208011,117,888,56.8
ERR1514928,1972,100,59.9,5356776,247036,43,389,57.3
ERR1514929,1972,100,59.8,5348037,324543,65,593,57.4
ERR1514934,1972,100,61.6,5593403,317668,61,889,56.8
ERR1514940,1972,100,62,5652826,367877,57,888,57.1
ERR1514944,1969,99.8,61.9,5632016,254046,76,391,57.1
ERR1514950,1972,100,59.6,5320054,417134,32,790,57.5
ERR1514951,1969,99.8,61.5,5576775,255541,76,791,57.1
ERR1514952,1967,99.7,60.6,5442466,366557,62,800,57.2
ERR1514955,1971,99.9,60.8,5479906,264812,102,656,57.3
ERR1514959,1967,99.7,62.9,5772885,267998,309,2192,56.8
ERR1514960,1963,99.5,60.2,5376624,208030,50,495,57.2
ERR1514961,1972,100,62.5,5727606,198137,86,790,57
ERR1514964,1971,99.9,60.9,5499265,191459,63,499,57.2
ERR1514966,1972,100,61.2,5544854,237655,68,680,57.2
ERR1514971,1971,99.9,60.7,5464058,212489,54,693,57.3
ERR1514973,1972,100,61,5518815,259487,53,868,57.3
ERR1514982,1972,100,59.8,5348924,410924,32,582,57.4
ERR1514984,1966,99.7,60.7,5457886,266572,47,594,57.2
ERR1514985,1971,99.9,60.4,5419111,304080,53,884,57.3
ERR1514990,1971,99.9,61.2,5539470,350649,59,593,57.2
ERR1514993,1972,100,62,5665099,351355,50,980,57.1
ERR1514996,1972,100,62.1,5667693,351467,47,987,57.1
ERR1514997,1972,100,64,5971546,343495,88,1078,56.6
ERR1514998,1972,100,62.1,5671704,343799,50,884,57.1
ERR1514999,1970,99.9,59.6,5318921,357238,42,987,57.4
ERR1515000,1972,100,62.4,5716235,336039,47,684,57
ERR1515001,1972,100,64,5973702,275205,75,695,56.6
ERR1515002,1972,100,62.3,5697090,475833,61,943,57
ERR1515003,1972,100,60.1,5383576,286741,41,693,57.3
ERR1541259,1972,100,63,5803631,247266,107,491,56.7
ERR1541260,1972,100,62.8,5780608,266697,82,590,56.9
ERR1541261,1971,99.9,63.3,5849811,122505,159,653,56.4
ERR1541262,1970,99.9,61.5,5578187,216048,68,980,57.2
ERR1541263,1972,100,62.5,5730927,233999,66,776,56.7
ERR1541264,1968,99.8,62.7,5755243,173476,91,483,56.7
ERR1541265,1972,100,63,5812542,276254,69,967,56.9
ERR1541266,1972,100,61.7,5606095,140163,98,688,57.2
ERR1541277,1972,100,60.6,5455927,394056,60,798,57.3
ERR1541281,1972,100,62.5,5735344,478137,128,941,56.8
ERR1541282,1972,100,63,5816773,187866,220,1401,56.7
ERR1541284,1970,99.9,62.2,5683989,290005,103,715,56.9
ERR1541286,1972,100,62.1,5670720,250481,77,590,56.8
ERR1541288,1972,100,61.9,5646069,187866,79,1084,57
ERR1541290,1970,99.9,60.8,5469400,188635,103,1148,57.1
ERR1541291,1971,99.9,58.7,5196724,435993,37,591,57.5
ERR1541292,1972,100,60.8,5480578,350304,42,1083,57.1
ERR1541293,1972,100,61,5512060,407344,52,781,57.2
ERR1541294,1967,99.7,60.9,5483503,217079,80,979,57.3
ERR1541296,1971,99.9,61.4,5561770,205973,86,680,57
ERR1541297,1972,100,60.5,5447328,254453,41,492,57.3
ERR1541304,1972,100,62,5657244,255216,94,2038,57.1
ERR1541305,1972,100,61.9,5636153,283365,91,708,57.1
ERR1541307,1972,100,61.2,5541807,263251,58,975,57.1
ERR1541309,1972,100,60.2,5396997,367859,57,783,57.4
ERR1541314,1971,99.9,59.7,5329682,411240,34,694,57.3
ERR1541315,1972,100,60.8,5481619,251976,94,592,57.2
ERR1541317,1972,100,60.4,5428307,400590,53,490,57.3
ERR1541318,1972,100,59.7,5337644,315438,53,196,57.3
ERR1541319,1969,99.8,58.6,5191327,310277,44,685,57.4
ERR1541320,1972,100,62.6,5745606,360894,232,1459,56.7
ERR1541322,1972,100,60.5,5447990,320791,61,491,57.3
ERR1541324,1972,100,60.5,5438595,514001,39,690,57.3
ERR1541325,1972,100,61.3,5559061,282824,86,593,57.2
ERR1541327,1972,100,61.7,5609592,350794,76,689,57
ERR1541329,1972,100,60.9,5503273,373062,53,591,57.3
ERR1541330,1972,100,61.5,5587243,350269,111,1031,57.1
ERR1541331,1972,100,60.7,5472912,221083,75,881,57.2
ERR1541332,1972,100,61.5,5588472,364050,59,778,57
ERR1541333,1972,100,60.7,5477330,377230,95,655,57.2
ERR1541334,1972,100,60.9,5503925,372862,52,392,57.3
ERR1541335,1972,100,61.8,5631007,208189,85,494,57.2
ERR1541336,1972,100,61,5516860,355505,58,806,57.3
ERR1541339,1971,99.9,59.3,5274292,299249,43,779,57.4
ERR1541342,1972,100,62.4,5724865,275688,129,1007,57
ERR1541343,1972,100,60.5,5437210,333059,44,708,57.2
ERR1541344,1972,100,60.1,5395021,226286,98,780,57.3
ERR1541345,1972,100,60.4,5434296,302786,39,980,57.2
ERR1541347,1972,100,60.1,5383220,473672,34,1186,57.3
ERR1541348,1972,100,60.4,5425905,318468,71,584,57.3
ERR1541349,1971,99.9,62.9,5792815,172479,125,484,57
ERR1541351,1972,100,62.1,5667600,208210,106,694,57.2
ERR1541352,1972,100,62.6,5755929,198126,210,1350,57
ERR1541353,1972,100,62.8,5773563,241344,101,983,56.9
ERR1541354,1971,99.9,62.5,5735748,191730,124,300,57.1
ERR1541357,1970,99.9,60.8,5483850,215261,51,981,57.1
ERR1541358,1972,100,61,5517328,387751,36,776,57.1
ERR1541360,1972,100,60.6,5453790,474414,131,804,57.3
ERR1541362,1972,100,59.9,5355956,385539,41,594,57.4
ERR1541367,1972,100,60.9,5493782,479517,46,288,57.3
ERR1541371,1972,100,58.8,5222829,415985,217,898,57.5
ERR1541376,1972,100,60.7,5474044,369194,47,293,57.3
ERR1541380,1971,99.9,63.2,5844256,267619,148,714,56.9
ERR1541384,1972,100,60.8,5486417,307842,82,779,57.2
ERR1541385,1972,100,62,5650722,208192,102,615,57.2
ERR1541392,1972,100,62.8,5776484,228746,78,877,56.9
ERR1541401,1972,100,61.8,5626723,182665,80,679,57.2
ERR1541402,1972,100,57.4,5042681,368027,33,589,57.7
ERR1541403,1972,100,61.5,5580811,480895,124,975,57.1
ERR1541407,1972,100,62.5,5732715,368881,104,683,56.7
ERR1541408,1972,100,60.4,5427409,238709,55,593,57.2
ERR1541409,1972,100,62.5,5731911,368881,101,886,56.7
ERR1541410,1972,100,60.3,5413018,364859,56,693,57.4
ERR1541411,1972,100,60,5379152,351505,33,783,57.4
ERR1541412,1971,99.9,62.3,5707999,214686,78,685,56.8
ERR1541414,1969,99.8,62,5650649,319226,59,789,56.8
ERR1541418,1972,100,58.7,5205822,414328,24,975,57.6
ERR1541420,1972,100,59.8,5345851,352259,37,886,57.4
ERR1541424,1972,100,60.2,5401855,206621,50,496,57.3
ERR1541425,1971,99.9,61.4,5560016,247867,49,1183,57.2
ERR1541427,1972,100,59.7,5338027,352001,34,599,57.5
ERR1541429,1972,100,61.1,5521552,242111,62,786,57.2
ERR1541430,1972,100,62.4,5719107,339412,79,983,56.8
ERR1541431,1971,99.9,62.2,5691532,239570,62,592,57
ERR1541432,1972,100,64.5,6048046,183496,97,493,56.3
ERR1541434,1972,100,62.2,5683136,249108,99,590,56.9
ERR1541435,1972,100,61.8,5625417,415306,77,833,57.1
ERR1541436,1972,100,60.5,5448500,474344,46,488,57.2
ERR1541437,1972,100,61.1,5527503,474312,37,786,57.2
ERR1541438,1972,100,60.4,5436049,329452,65,880,57.3
ERR1541440,1972,100,60.4,5434400,334010,63,887,57.3
ERR1541441,1972,100,58.9,5234775,355753,27,577,57.5
ERR1541442,1971,99.9,62.9,5790389,376368,280,3520,56.9
ERR1541443,1972,100,60,5373627,307548,54,887,57.3
ERR1541444,1971,99.9,59.7,5330028,348934,30,482,57.4
ERR1541445,1967,99.7,62.8,5773804,253289,95,297,56.7
ERR1541446,1971,99.9,61.8,5627823,508599,41,690,57
ERR1541447,1971,99.9,61.8,5627806,508502,38,978,57
ERR1541448,1971,99.9,63.9,5960249,534084,291,3736,56.6
ERR1541449,1971,99.9,61.9,5635998,416898,46,704,57
ERR1541450,1971,99.9,61.8,5626345,361248,42,885,57
ERR1541452,1972,100,61.2,5534108,299741,72,686,57
ERR1541453,1966,99.7,62,5643922,248234,74,296,57
ERR1541454,1970,99.9,61,5508218,361886,70,784,57.2
ERR1541455,1972,100,60.4,5435342,421436,39,789,57.3
ERR1541456,1972,100,60.8,5482952,241769,85,295,57.3
ERR1541459,1972,100,60.2,5406768,186233,61,490,57.3
ERR1541461,1971,99.9,60.5,5440959,469426,34,979,57.1
ERR1541464,1972,100,59.7,5331355,315336,56,387,57.3
ERR1541465,1972,100,62,5659955,289361,88,396,56.9
ERR1541469,1972,100,62.6,5748731,184876,86,507,56.7
ERR1541470,1971,99.9,62.7,5755370,272391,56,831,57.1
ERR1541471,1972,100,61.7,5614811,214817,88,495,57.1
ERR1541472,1971,99.9,61.6,5594834,306912,41,491,57.2
ERR1541473,1972,100,62.6,5747127,191890,83,787,56.7
ERR1541474,1971,99.9,58.8,5220023,298404,43,593,57.6
ERR1541477,1972,100,62.6,5744725,206621,85,393,56.7
ERR1541478,1972,100,61.9,5649849,230327,75,981,57.1
ERR1541479,1972,100,61.2,5544851,330013,51,596,57.2
ERR1541480,1972,100,62.6,5745162,191304,81,494,56.7
ERR1541481,1972,100,62.6,5747699,206621,82,980,56.7
ERR1541483,1972,100,61.7,5609061,302283,68,489,57.2
ERR1541484,1972,100,61.9,5637628,325290,62,590,57
ERR1541485,1972,100,63.5,5890017,350018,240,2194,56.7
ERR1541491,1971,99.9,61.3,5552551,361840,78,414,57.1
ERR1541492,1971,99.9,61.3,5550470,290163,76,602,57.1
ERR1541493,1972,100,60.1,5389435,331761,43,578,57.4
ERR1541494,1970,99.9,62.2,5690513,145403,113,782,56.8
ERR1541499,1972,100,60.4,5422831,249438,60,786,57.3
ERR1541502,1972,100,62.2,5688973,247991,240,1888,57
ERR1541503,1971,99.9,60.4,5424703,299644,50,877,57.2
ERR1541504,1972,100,62.4,5714101,240647,61,891,56.8
ERR1541506,1972,100,61.2,5543943,480714,44,590,57.1
ERR1541507,1972,100,59.3,5280834,361717,36,682,57.4
ERR1541508,1972,100,61.2,5541654,342043,85,1105,57.1
ERR1541509,1972,100,61.4,5565234,236920,83,492,57.1
ERR1541510,1964,99.6,62.5,5696908,215128,86,2749,57.1
ERR1541511,1972,100,61.9,5637794,188229,67,981,57
ERR1541512,1972,100,61.7,5617560,238735,85,775,57.1
ERR1541513,1972,100,61.2,5539603,193809,84,684,57
ERR1541516,1950,98.9,63.1,5766885,237324,162,774,56.8
ERR1541517,1972,100,60.3,5416406,479293,46,591,57.4
ERR1541518,1972,100,60.1,5395293,392161,48,697,57.5
ERR1541519,1972,100,60.9,5495153,289558,61,493,57.2
ERR1541520,1972,100,60.1,5393035,493803,37,683,57.3
ERR1541521,1971,99.9,62.7,5757778,200322,251,2083,57
ERR1541525,1972,100,62.1,5679748,289887,91,482,56.9
ERR1541536,1971,99.9,60.5,5425742,472455,76,1182,57.2
ERR1541537,1972,100,60.9,5498551,332723,49,885,57.2
ERR1541538,1972,100,58.6,5198924,340940,58,657,57.5
ERR1541539,1972,100,60.9,5494512,270045,59,1090,57.2
ERR1541540,1972,100,60.7,5473123,396382,40,496,57.4
ERR1541541,1972,100,61,5514025,350094,48,1182,57.2
ERR1541542,1970,99.9,60.4,5430704,298241,62,882,57.2
ERR1541543,1960,99.4,60.7,5426693,329148,67,491,57.2
ERR1541544,1971,99.9,61.2,5543245,106422,116,587,57.3
ERR1541545,1969,99.8,62.1,5669381,301720,241,2294,57
ERR1541546,1971,99.9,60.7,5473781,221711,67,588,57.4
ERR1541547,1971,99.9,60.8,5481775,221545,72,689,57.4
ERR1541548,1972,100,61,5515215,232833,74,488,57.3
ERR1541549,1972,100,61.7,5606600,198122,92,694,57.2
ERR1541550,1971,99.9,61.6,5605341,174066,97,587,57.2
ERR1541551,1972,100,61.3,5555211,191055,89,488,57.3
ERR1541553,1972,100,61.2,5538168,203835,72,292,57.3
ERR1541554,1972,100,61.8,5624220,393027,44,790,57.1
ERR1541555,1968,99.8,61.6,5574148,124051,130,674,56.8
ERR1541556,1972,100,62.8,5780399,196801,79,402,57.1
ERR1541557,1972,100,63.7,5926188,205365,337,4341,56.8
ERR1541559,1972,100,61.3,5556700,203835,63,492,57.3
ERR1541562,1971,99.9,60.8,5490197,248214,55,592,57.3
ERR1541563,1971,99.9,61.6,5597808,191532,75,586,56.9
ERR1541564,1972,100,61.2,5542246,212548,78,682,57.2
ERR1541565,1972,100,62.5,5729231,212129,89,580,57.1
ERR1541566,1972,100,60.2,5408126,276013,35,489,57.2
ERR1541567,1971,99.9,60.4,5430365,212731,79,487,57.3
ERR1541568,1972,100,61.3,5560417,212067,66,489,57.2
ERR1541569,1972,100,59.9,5359263,477544,69,587,57.3
ERR1541570,1972,100,60.8,5483674,201115,64,688,57.3
ERR1541571,1971,99.9,61.2,5539820,425254,42,689,57.3
