NAME,Aminoglycosides,Carbapenems,Cephalosporins (3rd gen.),Cephalosporins (3rd gen.) + β-lactamase inhibitors,Colistin,Fluoroquinolones,Fosfomycin,Penicillins,Penicillins + β-lactamase inhibitors,Phenicols,Sulfonamides,Tetracycline,Tigecycline,Trimethoprim
ERR1204814,1,1,1,0,0,1,0,1,0,1,1,1,0,1
ERR1204815,1,1,0,0,0,1,0,1,0,1,1,0,0,0
ERR1204817,1,1,1,0,0,1,0,1,0,1,1,1,0,1
ERR1204820,0,1,0,0,0,0,0,1,0,0,0,0,0,0
ERR1204821,1,1,0,0,1,1,0,1,0,1,1,0,0,1
ERR1204822,1,1,0,0,1,1,0,1,0,1,1,0,0,1
ERR1204823,0,0,0,0,0,0,0,1,0,0,0,0,0,0
ERR1204824,0,0,0,0,0,0,0,1,0,0,0,0,0,0
ERR1204825,0,0,0,0,0,0,0,1,0,0,0,0,0,0
ERR1204826,1,1,0,0,0,1,0,1,0,0,0,0,0,0
ERR1204827,1,1,1,0,0,1,0,1,0,1,1,0,0,1
ERR1204828,0,0,0,0,0,0,0,1,0,0,0,0,0,0
ERR1204829,1,1,0,0,0,1,0,1,0,1,1,0,0,1
ERR1204830,1,1,0,0,0,1,0,1,0,1,1,1,0,0
ERR1204831,0,1,0,0,0,0,0,1,0,0,0,0,0,0
ERR1204832,1,0,1,0,0,1,0,1,0,0,1,0,0,0
ERR1204834,0,0,0,0,0,0,0,1,0,0,0,0,0,0
ERR1204835,1,1,1,0,0,1,0,1,0,1,1,1,0,1
ERR1204836,0,1,0,0,0,0,0,1,0,0,0,0,0,0
ERR1204837,1,0,1,0,0,1,0,1,0,1,1,1,0,1
ERR1204839,0,0,0,0,0,0,0,1,0,0,0,0,0,0
ERR1204840,0,0,0,0,0,0,0,1,0,0,0,0,0,0
ERR1204842,1,0,1,0,0,1,0,1,0,1,1,0,0,1
ERR1204843,1,1,1,0,1,1,0,1,0,1,1,1,0,1
ERR1204844,1,0,0,0,0,0,0,1,0,0,1,1,0,1
ERR1204845,1,0,1,0,0,1,0,1,0,1,1,0,0,1
ERR1204846,1,0,1,0,0,1,0,1,0,1,1,0,0,1
ERR1204847,1,0,1,0,0,1,0,1,0,1,1,0,0,1
ERR1204848,0,0,0,0,0,0,0,1,0,0,0,0,0,0
ERR1204849,0,0,0,0,0,0,0,1,0,0,0,0,0,0
ERR1204850,0,0,0,0,0,0,0,1,0,0,0,0,0,0
ERR1204851,1,1,0,0,0,1,0,1,0,0,1,0,0,1
ERR1204852,1,0,1,0,1,1,0,1,0,1,1,0,0,1
ERR1204854,1,0,1,0,0,1,0,1,0,1,1,0,0,1
ERR1204855,1,0,1,0,1,1,0,1,0,1,1,0,0,1
ERR1204856,1,1,1,0,1,1,0,1,0,1,1,0,0,1
ERR1204857,1,0,0,0,0,1,0,1,0,1,1,0,0,1
ERR1204858,1,0,0,0,0,1,0,1,0,1,1,0,0,1
ERR1204859,1,1,1,0,0,1,0,1,0,1,1,0,0,1
ERR1204860,1,0,1,0,0,1,0,1,0,1,1,0,0,1
ERR1204861,0,0,0,0,0,0,0,1,0,0,0,0,0,0
ERR1204862,1,0,1,0,1,1,0,1,0,1,1,0,0,1
ERR1204863,1,0,1,0,1,1,0,1,0,1,1,0,0,1
ERR1204864,1,1,0,0,0,1,0,1,0,0,1,0,0,1
ERR1204865,1,1,1,0,1,1,0,1,0,1,1,0,0,1
ERR1204866,1,1,0,0,0,1,0,1,0,0,1,1,0,1
ERR1204867,1,0,0,0,0,1,0,1,0,1,1,0,0,1
ERR1204868,1,0,0,0,0,1,0,1,0,1,1,0,0,1
ERR1204869,1,0,1,0,0,1,0,1,0,1,0,0,0,1
ERR1204870,0,0,0,0,0,0,0,1,0,0,0,0,0,0
ERR1204871,1,0,1,0,0,1,0,1,0,1,1,0,0,1
ERR1204872,1,0,0,0,0,1,0,1,0,1,0,0,0,0
ERR1204873,1,0,1,0,1,1,0,1,0,1,1,0,0,1
ERR1204874,1,0,1,0,0,1,0,1,0,0,1,1,0,0
ERR1204875,1,0,1,0,0,1,0,1,0,1,1,1,0,1
ERR1204876,1,0,0,0,0,1,0,1,0,1,1,0,0,1
ERR1204877,0,1,0,0,0,0,0,1,0,0,0,1,0,0
ERR1204878,0,0,0,0,0,0,0,1,0,0,0,0,0,0
ERR1204879,1,1,1,0,0,1,0,1,0,1,1,1,0,1
ERR1204881,1,0,1,0,0,1,0,1,0,0,1,0,0,0
ERR1204882,0,0,0,0,0,0,0,1,0,0,0,0,0,0
ERR1204883,1,1,0,0,0,0,0,1,0,1,1,1,0,1
ERR1204885,0,0,0,0,0,0,0,1,0,0,0,0,0,0
ERR1204886,1,0,1,0,0,1,0,1,0,1,1,1,0,1
ERR1204888,0,0,0,0,0,0,0,0,0,0,0,0,0,0
ERR1204889,1,1,1,0,0,1,0,1,0,1,1,1,0,1
ERR1204890,1,1,0,0,0,1,0,1,0,0,1,1,0,1
ERR1204891,1,1,1,0,0,1,0,1,0,1,1,1,0,1
ERR1204892,1,1,1,0,0,1,0,1,0,1,1,1,0,1
ERR1204894,0,0,0,0,0,0,0,1,0,0,0,0,0,0
ERR1204895,0,0,0,0,0,0,0,1,0,0,0,1,0,0
ERR1204899,0,0,0,0,0,0,0,1,0,0,0,0,0,0
ERR1204900,1,1,1,0,0,1,0,1,0,1,0,0,0,1
ERR1204901,1,0,1,0,0,1,0,1,0,1,1,0,0,0
ERR1204902,1,0,1,0,0,1,0,1,0,1,1,1,0,1
ERR1204903,0,0,0,0,0,0,0,1,0,0,0,0,0,0
ERR1204905,1,0,1,0,0,1,0,1,0,1,1,0,0,1
ERR1204906,1,1,1,0,0,1,0,1,0,1,1,0,0,1
ERR1204907,1,1,0,0,0,1,0,1,0,1,1,1,0,0
ERR1204908,1,0,1,0,0,1,0,1,0,1,1,0,0,1
ERR1204909,1,0,1,0,0,1,0,1,0,1,1,0,0,1
ERR1204910,1,1,1,0,0,1,0,1,0,1,1,0,0,1
ERR1204911,1,1,1,0,0,1,0,1,0,1,0,1,0,1
ERR1204912,1,0,1,0,0,1,0,1,0,1,0,0,0,0
ERR1204913,0,0,0,0,0,1,0,1,0,1,1,0,0,1
ERR1204914,1,0,0,0,0,1,0,1,0,1,1,0,0,1
ERR1204915,1,0,0,0,0,0,0,1,0,0,0,0,0,0
ERR1204916,0,0,0,0,0,0,0,1,0,0,0,0,0,0
ERR1204917,1,0,1,0,0,1,0,1,0,1,1,0,0,1
ERR1204918,1,1,1,0,1,1,0,1,0,1,1,0,0,1
ERR1204919,0,1,0,0,0,0,0,1,0,0,0,0,0,0
ERR1204920,0,0,0,0,0,1,0,1,0,0,0,0,0,0
ERR1204921,0,0,0,0,0,0,0,1,0,0,0,0,0,0
ERR1204922,1,1,1,0,0,1,0,1,0,1,1,1,0,0
ERR1204923,1,1,1,0,0,1,0,1,0,1,1,1,0,0
ERR1204924,1,0,1,0,0,1,0,1,0,1,1,0,0,1
ERR1204926,0,0,0,0,0,0,0,1,0,0,0,0,0,0
ERR1204927,1,0,1,0,0,1,0,1,0,1,1,0,0,1
ERR1204928,0,0,0,0,0,0,0,1,0,0,0,0,0,0
ERR1204929,0,1,1,0,0,1,0,1,0,1,1,1,0,0
ERR1204930,1,1,1,0,0,1,0,1,0,1,1,0,0,1
ERR1204931,1,1,1,0,0,1,0,1,0,0,0,1,0,1
ERR1204932,0,0,0,0,0,0,0,1,0,0,0,0,0,0
ERR1204933,1,0,0,0,0,0,0,1,0,0,0,0,0,0
ERR1204934,1,1,1,0,1,1,0,1,0,1,1,1,0,1
ERR1204935,1,0,1,0,0,1,0,1,0,1,0,0,0,1
ERR1204936,1,1,1,0,0,1,0,1,0,1,1,0,0,1
ERR1204938,1,1,1,0,0,1,0,1,0,1,1,1,0,0
ERR1204940,1,1,1,0,0,1,0,1,0,1,1,0,0,1
ERR1204941,1,0,1,0,0,1,0,1,0,1,1,1,0,1
ERR1204942,1,0,1,0,0,1,0,1,0,1,1,1,0,0
ERR1204943,1,1,0,0,0,1,0,1,0,0,0,0,0,0
ERR1204944,1,1,1,0,0,1,0,1,0,1,1,1,0,0
ERR1204946,1,0,1,0,1,1,0,1,0,1,1,1,0,1
ERR1204947,0,0,0,0,0,0,0,1,0,0,0,0,0,0
ERR1204948,1,0,1,0,0,1,0,1,0,1,0,1,0,0
ERR1204949,1,1,1,0,0,1,0,1,0,1,1,0,0,1
ERR1204950,1,0,0,0,0,1,0,1,0,1,1,0,0,0
ERR1204951,1,1,1,0,0,1,0,1,0,1,1,1,0,1
ERR1204952,1,0,0,0,0,1,0,1,0,1,1,1,0,0
ERR1204955,1,1,0,0,0,1,0,1,0,1,1,1,0,0
ERR1204956,1,0,1,0,0,1,0,1,0,1,1,1,0,0
ERR1204957,1,0,0,0,0,1,0,1,0,1,1,1,0,0
ERR1204958,1,0,1,0,0,1,0,1,0,1,1,0,0,1
ERR1204959,1,0,1,0,0,1,0,1,0,1,1,1,0,1
ERR1204960,1,1,0,0,0,1,0,1,0,1,1,0,0,0
ERR1204962,1,1,0,0,0,1,0,1,0,1,1,0,0,0
ERR1204966,1,0,1,0,0,1,0,1,0,1,1,1,0,1
ERR1204967,0,0,0,0,0,0,0,1,0,0,0,0,0,0
ERR1204969,0,0,0,0,0,0,0,1,0,0,0,0,0,0
ERR1204970,1,1,1,0,0,1,0,1,0,1,1,0,0,1
ERR1204971,0,0,0,0,0,0,0,1,0,0,0,0,0,0
ERR1204972,1,1,0,0,1,1,0,1,0,1,1,0,0,1
ERR1204973,1,1,0,0,0,1,0,1,0,1,1,0,0,1
ERR1204974,0,0,0,0,0,0,0,1,0,0,0,0,0,0
ERR1204975,0,0,0,0,0,0,0,1,0,0,0,0,0,0
ERR1204976,0,0,0,0,0,0,0,1,0,0,0,0,0,0
ERR1204977,1,1,1,0,0,1,0,1,0,1,1,1,0,0
ERR1204978,1,1,1,0,0,1,0,1,0,1,1,0,0,1
ERR1204984,1,1,1,0,0,1,0,1,0,1,1,0,0,1
ERR1204989,1,1,0,0,0,0,0,1,0,1,0,0,0,0
ERR1204990,1,1,1,0,0,1,0,1,0,1,1,1,0,1
ERR1204991,0,1,0,0,0,0,0,1,0,0,0,0,0,0
ERR1204993,1,0,1,0,0,1,0,1,0,1,1,1,0,1
ERR1204994,1,0,1,0,0,1,0,1,0,1,1,1,0,1
ERR1204996,1,0,0,0,0,0,0,1,0,0,1,1,0,0
ERR1204997,1,1,1,0,0,1,0,1,0,0,1,0,0,1
ERR1204999,1,0,1,0,0,1,0,1,0,1,1,0,0,1
ERR1205000,0,1,0,0,0,0,0,1,0,0,0,0,0,0
ERR1205001,1,0,0,0,0,1,0,1,0,1,1,0,0,1
ERR1205002,0,0,0,0,0,0,0,1,0,0,0,0,0,0
ERR1205003,1,1,1,0,0,1,0,1,0,1,1,1,0,1
ERR1205004,1,1,1,0,0,1,0,1,0,1,1,1,0,1
ERR1205009,1,0,0,0,0,1,0,1,0,1,1,0,0,1
ERR1205010,1,1,1,0,0,1,0,1,0,1,1,1,0,1
ERR1205011,1,1,1,0,0,1,0,1,0,1,1,1,0,1
ERR1205013,1,0,1,0,0,1,0,1,0,1,1,0,0,1
ERR1205014,1,0,1,0,0,1,0,1,0,1,1,0,0,1
ERR1205015,1,0,1,0,0,1,0,1,0,1,1,0,0,1
ERR1205018,1,1,1,0,1,1,0,1,0,1,0,1,0,1
ERR1205019,1,0,1,0,0,1,0,1,0,1,1,0,0,1
ERR1205020,0,0,0,0,0,0,0,1,0,0,0,0,0,0
ERR1205021,1,0,1,0,0,1,0,1,0,1,1,1,0,1
ERR1205022,1,1,1,0,0,1,0,1,0,1,1,1,0,1
ERR1205023,1,0,0,0,1,1,0,1,0,1,1,0,0,1
ERR1205024,0,0,0,0,1,1,0,1,0,1,1,0,0,1
ERR1205025,1,0,1,0,0,1,0,1,0,1,1,0,0,1
ERR1205026,1,0,1,0,0,1,0,1,0,1,1,0,0,1
ERR1205028,1,1,0,0,0,1,0,1,0,0,1,1,0,1
ERR1205029,1,1,1,0,0,1,0,1,0,1,0,1,0,0
ERR1205030,1,0,1,0,0,1,0,1,0,1,1,0,0,1
ERR1205031,1,1,1,0,0,1,0,1,0,1,1,1,0,1
ERR1205033,0,1,0,0,0,1,0,1,0,0,0,0,0,0
ERR1205034,1,1,1,0,0,1,0,1,0,1,0,1,0,1
ERR1205035,1,1,0,0,0,1,0,1,0,0,0,0,0,0
ERR1205036,0,1,0,0,0,0,0,1,0,0,0,0,0,0
ERR1205039,1,0,1,0,0,1,0,1,0,1,1,0,0,1
ERR1205040,1,0,0,0,0,1,0,1,0,1,1,0,0,1
ERR1205041,0,0,0,0,0,0,0,1,0,0,0,0,0,0
ERR1205043,0,0,0,0,0,1,0,1,0,0,1,0,0,0
ERR1205048,1,1,1,0,0,1,0,1,0,1,1,1,0,1
ERR1205049,1,1,1,0,0,1,0,1,0,1,1,1,0,1
ERR1205054,1,1,1,0,0,1,0,1,0,1,1,1,0,1
ERR1205055,0,0,0,0,0,0,0,1,0,0,0,0,0,0
ERR1205056,1,0,1,0,0,0,0,1,0,0,1,0,0,1
ERR1205058,0,0,0,0,0,0,0,1,0,0,0,0,0,1
ERR1205059,1,0,1,0,0,1,0,1,0,1,0,0,0,1
ERR1205061,1,0,1,0,0,1,0,1,0,0,1,0,0,1
ERR1205063,1,1,0,0,0,0,0,1,0,1,1,1,0,0
ERR1205064,1,1,1,0,0,1,0,1,0,1,1,1,0,1
ERR1205067,1,0,1,0,0,1,0,1,0,1,1,0,0,0
ERR1205070,1,0,1,0,0,1,0,1,0,1,0,0,0,1
ERR1205073,1,1,1,0,0,1,0,1,0,1,1,1,0,1
ERR1205076,0,0,0,0,0,0,0,1,0,0,0,0,0,0
ERR1216949,1,0,1,0,0,1,0,1,0,0,1,1,0,1
ERR1216950,1,0,1,0,0,1,0,1,0,1,1,1,0,1
ERR1216951,1,1,1,0,1,1,0,1,0,1,1,0,0,1
ERR1216954,1,1,1,0,0,1,0,0,0,0,1,1,0,1
ERR1216955,0,0,0,0,0,0,0,1,0,0,0,0,0,0
ERR1216956,1,1,1,0,1,1,0,1,0,1,0,1,0,1
ERR1216957,0,0,0,0,0,0,0,1,0,0,0,0,0,0
ERR1216958,1,1,1,0,0,1,0,1,0,0,1,0,0,1
ERR1216959,1,1,1,0,0,1,0,0,0,0,1,0,0,0
ERR1216961,0,0,0,0,0,0,0,1,0,0,0,0,0,0
ERR1216962,1,1,0,0,1,1,0,1,0,1,1,0,0,1
ERR1216963,1,1,1,0,0,1,0,1,0,1,1,0,0,1
ERR1216965,1,1,1,0,0,1,0,1,0,0,1,0,0,1
ERR1216966,1,1,1,0,0,1,0,1,0,1,1,1,0,0
ERR1216967,0,0,0,0,0,0,0,1,0,0,0,0,0,0
ERR1216968,1,1,1,0,0,1,0,1,0,1,1,0,0,1
ERR1216969,1,1,1,0,0,1,0,1,0,0,1,1,0,1
ERR1216970,0,1,0,0,1,1,0,1,0,0,0,0,0,0
ERR1216972,1,1,1,0,0,1,0,1,0,1,0,1,0,1
ERR1216973,0,0,0,0,0,0,0,1,0,0,0,0,0,0
ERR1216974,1,1,1,0,1,1,0,1,0,1,1,0,0,1
ERR1216975,0,0,0,0,0,0,0,1,0,0,0,0,0,0
ERR1216978,1,1,1,0,1,1,0,1,0,1,0,1,0,1
ERR1216980,1,1,1,0,0,1,0,1,0,1,1,1,0,1
ERR1216981,0,1,1,0,0,1,0,0,0,0,0,0,0,0
ERR1216982,1,0,0,0,0,1,0,1,0,1,1,0,0,1
ERR1216984,1,1,1,0,0,1,0,1,0,0,1,1,0,1
ERR1216985,0,0,0,0,0,0,0,1,0,0,0,0,0,0
ERR1216987,0,0,0,0,0,0,0,1,0,0,0,0,0,0
ERR1216989,1,1,1,0,0,1,0,1,0,1,1,0,0,1
ERR1216991,0,0,0,0,0,0,0,1,0,0,0,0,0,0
ERR1216992,0,0,0,0,0,0,0,1,0,0,0,0,0,0
ERR1216993,0,1,1,0,0,1,0,1,0,0,0,1,0,1
ERR1216996,0,0,0,0,0,0,0,1,0,0,0,0,0,0
ERR1216997,1,1,0,0,0,1,0,1,0,1,1,0,0,1
ERR1216999,1,0,1,0,0,1,0,1,0,1,1,1,0,1
ERR1217000,1,0,0,0,0,0,0,1,0,0,1,1,0,1
ERR1217001,1,1,0,0,0,0,0,1,0,0,1,0,0,0
ERR1217003,1,1,0,0,0,1,0,1,0,0,1,0,0,1
ERR1217005,1,0,0,0,0,1,0,1,0,0,1,1,0,0
ERR1217013,1,1,1,0,0,1,0,1,0,1,1,0,0,1
ERR1217015,1,1,1,0,0,1,0,1,0,1,1,0,0,1
ERR1217019,1,1,1,0,0,1,0,1,0,0,1,1,0,1
ERR1217021,1,1,1,0,0,1,0,1,0,1,1,0,0,1
ERR1217022,1,1,1,0,0,0,0,1,0,0,1,0,0,1
ERR1217023,1,1,1,0,0,1,0,1,0,0,1,1,0,1
ERR1217025,1,1,1,0,0,0,0,1,0,0,1,0,0,1
ERR1217026,0,0,0,0,0,0,0,1,0,0,0,0,0,0
ERR1217027,0,0,0,0,0,0,0,1,0,0,0,0,0,0
ERR1217028,0,0,0,0,0,0,0,1,0,0,0,0,0,0
ERR1217029,0,0,0,0,0,0,0,1,0,0,0,0,0,0
ERR1217030,1,0,0,0,0,0,0,1,0,0,1,1,0,1
ERR1217031,0,0,0,0,0,0,0,1,0,0,0,0,0,0
ERR1217033,1,0,1,0,0,1,0,1,0,0,1,0,0,0
ERR1217035,1,0,1,0,0,0,0,1,0,1,1,0,0,1
ERR1217038,1,0,1,0,0,0,0,0,0,1,1,1,0,1
ERR1217040,0,0,0,0,0,0,0,1,0,0,0,0,0,0
ERR1217041,1,1,1,0,0,1,0,1,0,1,1,0,0,1
ERR1217053,0,0,0,0,0,1,0,1,0,0,0,0,0,0
ERR1217054,1,1,1,0,0,1,0,1,0,1,0,1,0,1
ERR1217058,0,1,0,0,0,0,0,1,0,0,0,0,0,0
ERR1217059,1,1,0,0,0,1,0,1,0,1,0,0,0,1
ERR1217060,1,1,1,0,0,1,0,1,0,1,1,1,0,1
ERR1217062,1,1,0,0,0,1,0,1,0,1,0,0,0,1
ERR1217063,1,0,1,0,0,1,0,1,0,1,1,1,0,1
ERR1217065,0,0,0,0,0,0,0,1,0,1,0,1,0,0
ERR1217066,1,1,1,0,0,1,0,1,0,0,1,0,0,1
ERR1217067,0,0,0,0,0,0,0,1,0,0,0,0,0,0
ERR1217068,1,1,0,0,0,1,0,1,0,1,0,0,0,1
ERR1217069,0,0,0,0,0,1,0,1,0,0,0,0,0,0
ERR1217070,1,1,1,0,0,1,0,1,0,0,0,1,0,1
ERR1217071,0,0,0,0,0,0,0,1,0,0,0,0,0,0
ERR1217072,1,0,1,0,0,1,0,1,0,1,1,1,0,1
ERR1217073,1,1,0,0,0,1,0,1,0,1,0,0,0,1
ERR1217074,1,1,1,0,0,1,0,1,0,1,1,0,0,1
ERR1217076,0,0,0,0,0,0,0,1,0,0,0,0,0,0
ERR1217077,0,0,1,0,0,1,0,1,0,0,0,0,0,0
ERR1217080,1,1,1,0,0,1,0,1,1,1,1,1,0,1
ERR1217081,1,1,1,0,0,1,0,1,1,1,1,1,0,1
ERR1217083,1,0,1,0,0,1,0,1,0,1,1,1,0,1
ERR1217084,1,0,1,0,0,1,0,1,0,1,1,1,0,0
ERR1217085,0,0,0,0,0,0,0,1,0,0,0,0,0,0
ERR1217086,0,0,0,0,0,0,0,1,0,0,0,0,0,0
ERR1217090,1,1,0,0,0,1,0,1,0,1,1,0,0,1
ERR1217091,0,0,0,0,0,0,0,1,0,0,0,0,0,0
ERR1217092,1,0,1,0,0,1,0,1,0,1,0,1,0,1
ERR1217093,0,0,0,0,0,0,0,1,0,0,0,0,0,0
ERR1217095,1,1,0,0,0,1,0,1,0,0,1,0,0,0
ERR1217097,1,1,0,0,0,1,0,1,0,1,1,0,0,1
ERR1217098,1,1,0,0,0,1,0,1,0,1,1,0,0,1
ERR1217100,0,0,0,0,0,0,0,1,0,0,0,0,0,0
ERR1217101,0,0,0,0,0,0,0,1,0,0,0,0,0,0
ERR1217102,0,0,0,0,0,0,0,1,0,0,0,0,0,0
ERR1217103,1,1,0,0,0,1,0,1,0,1,1,0,0,1
ERR1217104,0,0,0,0,0,0,0,1,0,0,0,0,0,0
ERR1217105,1,1,0,0,0,1,0,1,0,1,1,0,0,1
ERR1217106,1,1,0,0,0,1,0,1,0,1,1,0,0,1
ERR1217107,0,0,0,0,0,0,0,1,0,0,0,0,0,0
ERR1217109,1,1,0,0,0,1,0,1,0,1,1,1,0,1
ERR1217110,0,0,0,0,0,0,0,1,0,0,0,0,0,0
ERR1217111,1,0,1,0,0,1,0,1,0,1,1,1,0,1
ERR1217113,1,0,1,0,0,1,0,1,0,1,1,1,0,1
ERR1217114,1,1,0,0,1,1,0,1,0,1,1,0,0,1
ERR1217117,1,1,0,0,0,1,0,1,0,1,1,0,0,1
ERR1217118,1,1,0,0,0,1,0,1,0,1,1,0,0,1
ERR1217119,0,0,0,0,0,0,0,1,0,0,0,0,0,0
ERR1217120,0,0,0,0,0,0,0,1,0,0,0,0,0,0
ERR1217122,0,0,0,0,0,0,0,1,0,0,0,0,0,0
ERR1217124,1,1,0,0,0,1,0,1,0,1,1,0,0,1
ERR1217125,1,1,0,0,0,1,0,1,0,1,1,0,0,0
ERR1217127,1,1,0,0,0,1,0,1,0,1,1,0,0,1
ERR1217128,1,0,1,0,0,1,0,1,0,1,1,1,0,1
ERR1217129,1,1,0,0,0,0,0,1,0,0,0,1,0,1
ERR1217130,1,0,1,0,0,1,0,1,0,1,1,0,0,1
ERR1217131,1,1,0,0,1,1,0,1,0,1,1,0,0,1
ERR1217132,1,1,1,0,0,1,0,1,0,1,1,1,0,1
ERR1217133,1,0,1,0,0,1,0,1,0,1,1,0,0,1
ERR1217134,1,1,1,0,0,1,0,1,0,1,1,0,0,1
ERR1217138,1,0,1,0,0,1,0,1,0,1,1,0,0,1
ERR1217139,1,0,1,0,0,1,0,1,0,0,1,0,0,1
ERR1217140,0,1,0,0,0,0,0,1,0,0,0,0,0,0
ERR1217141,1,1,1,0,0,0,0,1,0,0,1,1,0,1
ERR1217142,1,1,0,0,0,1,0,1,0,1,1,0,0,1
ERR1217143,1,1,0,0,0,1,0,1,0,1,1,0,0,0
ERR1217144,1,1,0,0,1,1,0,1,0,1,1,0,0,1
ERR1217145,1,0,1,0,0,0,0,1,0,1,1,1,0,1
ERR1217146,1,1,0,0,0,1,0,1,0,1,1,0,0,1
ERR1217147,1,1,0,0,1,1,0,1,0,1,1,0,0,1
ERR1217149,0,0,0,0,0,0,0,1,0,0,0,0,0,0
ERR1217150,1,0,1,0,0,1,0,1,0,1,0,1,0,1
ERR1217151,1,0,1,0,0,1,0,1,0,0,0,1,0,0
ERR1217152,1,0,0,0,0,0,0,1,0,0,1,1,0,1
ERR1217153,1,1,0,0,0,1,0,1,0,1,1,0,0,1
ERR1217155,1,1,1,0,0,1,0,1,0,1,1,1,0,1
ERR1217156,0,1,1,0,0,1,0,1,0,1,1,1,0,1
ERR1217158,1,1,1,0,0,1,0,1,0,0,0,0,0,0
ERR1217159,1,1,0,0,0,1,0,1,0,1,1,0,0,1
ERR1217160,1,1,0,0,0,1,0,1,0,1,1,0,0,1
ERR1217161,1,1,0,0,0,1,0,1,0,1,1,0,0,1
ERR1217162,1,1,0,0,0,1,0,1,0,1,1,0,0,1
ERR1217163,1,1,0,0,1,1,0,1,0,1,1,0,0,1
ERR1217164,1,1,1,0,0,1,0,1,0,1,1,1,0,1
ERR1217165,0,0,0,0,0,0,0,1,0,0,0,1,0,0
ERR1217166,1,1,0,0,0,1,0,1,0,1,1,0,0,1
ERR1217167,1,1,1,0,1,1,0,1,0,1,1,1,0,1
ERR1217168,0,0,0,0,0,1,0,1,0,0,0,0,0,1
ERR1217169,1,1,0,0,0,1,0,1,0,1,1,0,0,1
ERR1217170,1,0,1,0,0,1,0,1,0,1,1,0,0,1
ERR1217171,1,0,1,0,0,1,0,1,0,1,0,0,0,1
ERR1217172,1,1,0,0,1,1,0,1,0,1,1,1,0,1
ERR1217173,1,1,0,0,1,1,0,1,0,1,1,1,0,1
ERR1217174,1,0,0,0,0,1,0,1,0,1,1,0,0,1
ERR1217175,1,1,1,0,1,1,0,1,0,1,1,0,0,1
ERR1217176,1,1,0,0,1,1,0,1,0,1,1,1,0,1
ERR1217177,1,0,1,0,0,1,0,1,0,1,1,1,0,1
ERR1217178,1,1,0,0,1,1,0,1,0,1,1,1,0,1
ERR1217179,1,1,0,0,1,1,0,1,0,1,1,1,0,1
ERR1217180,1,0,1,0,0,1,0,1,0,1,1,0,0,1
ERR1217181,1,1,0,0,1,1,0,1,0,1,1,1,0,1
ERR1217182,1,1,1,0,1,1,0,1,0,1,1,0,0,1
ERR1217183,1,1,1,0,1,1,0,1,0,1,1,0,0,1
ERR1217184,1,1,0,0,1,1,0,1,0,1,1,1,0,1
ERR1217185,1,0,0,0,1,1,0,1,0,1,1,1,0,1
ERR1217186,1,0,0,0,1,1,0,1,0,1,1,1,0,1
ERR1217187,1,0,1,0,0,1,0,1,0,1,1,0,0,1
ERR1217188,1,1,1,0,1,1,0,1,0,1,1,1,0,1
ERR1217189,1,1,0,0,0,1,0,1,0,0,1,0,0,0
ERR1217190,0,0,0,0,0,0,0,1,0,0,0,0,0,0
ERR1217191,1,0,1,0,0,1,0,1,0,0,1,0,0,1
ERR1217192,1,1,0,0,0,1,0,1,0,1,1,0,0,1
ERR1217193,0,0,0,0,0,0,0,1,0,0,0,0,0,0
ERR1217194,1,1,0,0,0,1,0,1,0,1,1,0,0,1
ERR1217196,1,1,0,0,1,1,0,1,0,1,1,0,0,1
ERR1217197,0,0,0,0,0,0,0,1,0,0,0,0,0,0
ERR1217198,1,1,1,0,0,1,0,1,0,1,1,0,0,1
ERR1217200,1,1,0,0,0,1,0,1,0,1,1,0,0,1
ERR1217201,1,1,0,0,1,1,0,1,0,1,1,0,0,1
ERR1217202,1,1,0,0,0,1,0,1,0,1,1,0,0,1
ERR1217203,1,0,0,0,0,1,0,1,0,0,1,0,0,1
ERR1217204,1,1,0,0,0,1,0,1,0,1,1,0,0,1
ERR1217205,0,0,0,0,0,0,0,1,0,0,0,0,0,0
ERR1217206,0,0,0,0,0,0,0,1,0,0,0,0,0,0
ERR1217207,1,1,0,0,0,1,0,1,0,1,1,0,0,1
ERR1217208,1,1,1,0,0,1,0,1,0,1,1,1,0,1
ERR1217209,1,1,0,0,0,1,0,1,0,0,1,0,0,0
ERR1217210,1,1,1,0,0,1,0,1,0,1,1,1,0,1
ERR1217211,1,1,0,0,0,1,0,1,0,1,1,0,0,1
ERR1217212,0,0,0,0,0,0,0,1,0,0,0,0,0,0
ERR1217213,1,1,0,0,0,1,0,1,0,1,1,0,0,1
ERR1217214,1,0,1,0,0,1,0,1,0,0,1,1,0,1
ERR1217215,1,1,0,0,1,1,0,1,0,1,1,0,0,1
ERR1217216,0,0,0,0,0,0,0,1,0,0,0,1,0,0
ERR1217217,1,1,1,0,0,1,0,1,0,1,1,0,0,0
ERR1217218,1,1,0,0,1,1,0,1,0,1,1,0,0,1
ERR1217219,1,0,1,0,0,1,0,1,0,1,1,1,0,1
ERR1217220,1,1,0,0,0,1,0,1,0,1,1,0,0,1
ERR1217222,1,1,0,0,0,1,0,1,0,1,1,0,0,1
ERR1217223,0,0,0,0,0,0,0,1,0,0,0,0,0,0
ERR1217224,1,1,0,0,0,1,0,1,0,1,1,0,0,1
ERR1217225,0,0,0,0,0,0,0,1,0,0,0,0,0,0
ERR1217227,0,0,0,0,0,1,0,1,0,0,0,0,0,0
ERR1217228,1,1,0,0,1,1,0,1,0,1,1,0,0,1
ERR1217229,0,0,0,0,0,0,0,1,0,0,0,0,0,0
ERR1217230,1,1,0,0,0,1,0,1,0,1,1,0,0,1
ERR1217231,0,0,0,0,0,0,0,1,0,0,1,1,0,1
ERR1217232,1,1,0,0,0,1,0,1,0,1,1,0,0,1
ERR1217233,0,0,0,0,0,0,0,1,0,0,0,0,0,0
ERR1217234,1,1,0,0,0,1,0,1,0,1,1,0,0,1
ERR1217235,1,1,0,0,0,1,0,1,0,1,1,0,0,1
ERR1217236,0,0,0,0,0,0,0,1,0,0,0,0,0,0
ERR1217237,1,1,0,0,0,1,0,1,0,1,1,0,0,1
ERR1217241,1,1,0,0,0,1,0,1,0,0,1,0,0,0
ERR1217242,0,0,0,0,0,0,0,1,0,0,0,0,0,0
ERR1217243,0,0,0,0,0,0,0,1,0,0,0,0,0,0
ERR1217244,1,1,1,0,0,1,0,1,0,1,1,1,0,1
ERR1217245,0,0,0,0,0,0,0,1,0,0,0,0,0,0
ERR1217246,1,1,0,0,0,1,0,1,0,1,1,0,0,1
ERR1217248,1,1,1,0,0,1,0,0,0,1,1,0,0,1
ERR1217249,1,0,1,0,0,1,0,1,0,1,1,0,0,1
ERR1217250,1,1,0,0,0,1,0,1,0,1,1,0,0,1
ERR1217251,0,0,0,0,0,0,0,1,0,0,0,1,0,0
ERR1217252,1,1,0,0,0,1,0,1,0,1,1,0,0,1
ERR1217253,1,1,1,0,0,1,0,1,0,1,1,0,0,1
ERR1217254,1,1,0,0,0,1,0,1,0,1,1,1,0,1
ERR1217255,1,0,1,0,0,1,0,1,0,1,1,1,0,1
ERR1217256,1,1,0,0,0,1,0,1,0,1,1,0,0,1
ERR1217257,1,1,0,0,0,1,0,1,0,1,1,0,0,1
ERR1217259,1,1,1,0,0,1,0,1,0,1,1,0,0,1
ERR1217261,1,1,0,0,0,1,0,1,0,1,1,0,0,1
ERR1217263,1,1,0,0,1,1,0,1,0,1,1,0,0,1
ERR1217264,1,0,0,0,0,0,0,1,0,0,0,0,0,0
ERR1217265,1,1,0,0,1,1,0,1,0,1,1,0,0,1
ERR1217266,1,1,0,0,0,1,0,1,0,1,0,0,0,1
ERR1217267,1,1,0,0,0,1,0,1,0,1,1,0,0,1
ERR1217268,1,1,0,0,0,1,0,1,0,1,1,0,0,1
ERR1217269,1,1,0,0,1,1,0,1,0,1,1,0,0,1
ERR1217270,1,1,0,0,1,1,0,1,0,1,1,0,0,1
ERR1217271,0,0,0,0,0,0,0,1,0,0,0,0,0,0
ERR1217272,1,1,1,0,0,1,0,1,0,1,1,0,0,1
ERR1217274,1,1,0,0,0,1,0,1,0,1,1,0,0,1
ERR1217275,1,0,1,0,0,1,0,1,0,0,0,0,0,0
ERR1217278,1,0,0,0,0,0,0,1,0,0,0,0,0,0
ERR1217279,1,1,0,0,1,1,0,1,0,1,1,0,0,1
ERR1217280,0,0,0,0,0,0,0,1,0,0,0,0,0,0
ERR1217281,1,1,0,0,0,1,0,1,0,1,1,0,0,1
ERR1217282,0,0,0,0,0,0,0,1,0,0,0,0,0,0
ERR1217283,1,1,0,0,0,1,0,1,0,1,1,0,0,1
ERR1217285,1,1,0,0,1,1,0,1,0,1,1,0,0,1
ERR1217286,1,1,0,0,0,1,0,1,0,1,1,0,0,1
ERR1217287,1,1,0,0,0,1,0,1,0,1,1,0,0,1
ERR1217289,1,1,0,0,0,1,0,1,0,0,1,0,0,0
ERR1217291,1,1,0,0,0,1,0,1,0,1,1,0,0,1
ERR1217292,1,0,1,0,0,1,0,1,0,1,1,0,0,1
ERR1217293,1,1,0,0,1,1,0,1,0,1,1,0,0,1
ERR1217294,1,1,0,0,1,1,0,1,0,1,1,0,0,1
ERR1217295,0,0,0,0,0,0,0,1,0,0,0,0,0,0
ERR1217296,1,1,0,0,0,1,0,1,0,1,1,0,0,1
ERR1217297,0,0,0,0,0,0,0,1,0,0,0,0,0,0
ERR1217298,1,1,0,0,0,1,0,1,0,1,1,0,0,1
ERR1217299,1,0,0,0,0,0,0,1,0,0,1,0,0,0
ERR1217300,1,1,0,0,0,1,0,1,0,1,1,0,0,1
ERR1217302,1,1,0,0,0,1,0,1,0,0,1,0,0,0
ERR1217304,1,1,0,0,0,1,0,1,0,0,1,0,0,0
ERR1217305,1,1,1,0,0,1,0,1,0,1,1,1,0,1
ERR1217306,1,1,0,0,0,1,0,1,0,1,1,0,0,1
ERR1217307,0,0,0,0,0,0,0,1,0,0,0,0,0,0
ERR1217308,1,1,0,0,0,1,0,1,0,1,1,0,0,1
ERR1217309,0,0,0,0,0,0,0,1,0,0,0,0,0,0
ERR1217310,1,1,0,0,0,1,0,1,0,1,1,0,0,1
ERR1217311,0,0,0,0,0,0,0,1,0,0,0,0,0,0
ERR1217312,1,1,0,0,0,1,0,1,0,1,1,0,0,1
ERR1217313,0,0,0,0,0,0,0,1,0,0,0,0,0,0
ERR1217314,0,1,1,0,0,1,0,1,0,0,0,0,0,0
ERR1217315,1,1,1,0,0,1,0,1,0,1,1,0,0,1
ERR1217316,0,0,0,0,0,0,0,1,0,0,0,0,0,0
ERR1217317,1,1,0,0,1,1,0,1,0,0,1,0,0,0
ERR1217318,1,0,1,0,0,1,0,1,1,1,1,1,0,1
ERR1217319,1,1,1,0,0,1,0,1,0,0,0,0,0,0
ERR1217320,0,0,0,0,0,0,0,1,0,0,0,0,0,0
ERR1217321,1,1,0,0,0,1,0,0,0,1,1,0,0,1
ERR1217322,0,0,0,0,0,0,0,1,0,0,0,0,0,0
ERR1217323,1,0,1,0,0,1,0,1,1,1,1,1,0,1
ERR1217324,1,1,1,0,0,1,0,1,0,0,0,0,0,0
ERR1217325,0,0,0,0,0,0,0,1,0,0,0,0,0,0
ERR1217327,1,0,0,0,0,1,0,1,0,0,1,1,0,1
ERR1217328,1,1,0,0,0,1,0,1,0,1,1,0,0,1
ERR1217329,0,0,0,0,0,1,0,1,0,0,0,0,0,0
ERR1217330,1,0,1,0,0,1,0,1,0,1,1,0,0,0
ERR1217335,1,1,0,0,1,1,0,1,0,1,1,0,0,1
ERR1217336,1,0,0,0,0,1,0,1,0,1,0,0,0,1
ERR1217337,1,1,0,0,0,1,0,1,0,1,1,0,0,1
ERR1217338,0,0,0,0,0,0,0,1,0,0,0,0,0,0
ERR1217340,0,0,0,0,0,0,0,1,0,0,0,0,0,0
ERR1217341,1,1,0,0,0,1,0,1,0,1,1,0,0,1
ERR1217342,0,0,0,0,0,0,0,1,0,0,0,0,0,0
ERR1217343,1,1,0,0,0,1,0,1,0,1,1,0,0,1
ERR1217344,1,0,1,0,0,1,0,1,0,1,1,1,0,1
ERR1217347,1,1,0,0,1,1,0,1,0,0,1,0,0,0
ERR1217349,1,1,0,0,0,1,0,1,0,1,1,0,0,1
ERR1217350,0,0,0,0,0,0,0,1,0,0,0,0,0,0
ERR1217353,1,1,0,0,0,1,0,1,0,1,1,0,0,1
ERR1217355,1,1,0,0,0,1,0,1,0,1,1,0,0,1
ERR1217357,1,1,0,0,0,1,0,1,0,1,1,0,0,1
ERR1217359,1,1,0,0,0,1,0,1,0,1,1,0,0,1
ERR1217360,0,0,0,0,0,0,0,1,0,0,0,0,0,0
ERR1217363,1,1,0,0,0,1,0,1,0,1,1,0,0,1
ERR1217367,0,0,0,0,0,0,0,1,0,0,0,1,0,0
ERR1217368,1,1,0,0,0,1,0,1,0,1,1,0,0,1
ERR1217370,1,1,0,0,0,1,0,1,0,1,1,0,0,1
ERR1217371,0,0,0,0,0,0,0,1,0,0,0,0,0,0
ERR1217372,1,0,1,0,0,1,0,1,0,1,1,1,0,1
ERR1217374,0,0,0,0,0,0,0,1,0,0,0,0,0,0
ERR1217375,0,1,0,0,0,1,0,1,0,0,0,0,0,0
ERR1217379,1,1,0,0,1,1,0,1,0,1,1,0,0,1
ERR1217380,0,0,0,0,0,0,0,1,0,0,0,1,0,0
ERR1217382,1,1,0,0,0,1,0,1,0,0,0,0,0,0
ERR1217384,1,1,0,0,0,1,0,1,0,0,0,0,0,0
ERR1217385,1,0,0,0,0,0,0,1,0,0,1,1,0,1
ERR1217387,0,0,0,0,0,0,0,1,0,0,0,0,0,0
ERR1217388,1,1,0,0,0,1,0,1,0,1,1,0,0,1
ERR1217389,1,0,0,0,0,0,0,1,0,0,0,0,0,0
ERR1217390,1,1,0,0,0,1,0,1,0,1,1,0,0,1
ERR1217391,0,0,0,0,0,1,0,1,0,0,0,0,0,0
ERR1217395,1,0,0,0,0,1,0,1,0,0,1,1,0,0
ERR1217396,1,1,0,0,0,1,0,1,0,1,1,0,0,1
ERR1217397,0,0,0,0,0,1,0,1,0,0,1,1,0,1
ERR1217398,1,1,0,0,0,1,0,1,0,1,1,0,0,1
ERR1217399,0,0,0,0,0,0,0,1,0,0,0,0,0,0
ERR1217400,1,1,0,0,0,1,0,1,0,1,1,0,0,1
ERR1217402,1,1,0,0,0,1,0,1,0,1,1,0,0,1
ERR1217406,1,0,0,0,0,1,0,1,0,0,1,0,0,1
ERR1217407,1,1,0,0,0,1,0,1,0,1,1,0,0,1
ERR1217409,1,1,0,0,0,1,0,1,0,0,1,0,0,1
ERR1217412,0,0,0,0,0,0,0,1,0,0,0,0,0,0
ERR1217413,1,1,0,0,0,1,0,1,0,0,1,0,0,0
ERR1217415,1,1,0,0,0,1,0,1,0,0,1,0,0,0
ERR1217417,1,1,0,0,0,1,0,1,0,1,1,0,0,1
ERR1217418,0,0,0,0,0,0,0,1,0,0,0,0,0,0
ERR1217419,1,1,0,0,0,1,0,1,0,1,1,0,0,1
ERR1217420,0,0,0,0,0,0,0,1,0,0,0,0,0,0
ERR1217421,1,1,0,0,0,1,0,1,0,1,1,0,0,1
ERR1217422,0,0,0,0,0,0,0,1,0,0,0,0,0,0
ERR1217423,1,1,0,0,0,1,0,1,0,0,1,0,0,1
ERR1217425,1,1,0,0,0,1,0,1,0,0,1,0,0,1
ERR1217426,1,1,0,0,0,1,0,1,0,1,1,0,0,1
ERR1217427,1,0,1,0,0,1,0,1,0,1,1,1,0,1
ERR1217428,1,1,0,0,0,1,0,1,0,1,1,0,0,1
ERR1217430,1,1,0,0,1,1,0,1,0,1,1,0,0,1
ERR1217431,0,0,0,0,0,0,0,1,0,0,0,0,0,0
ERR1217432,0,1,0,0,0,1,0,1,0,0,0,0,0,0
ERR1217433,1,1,0,0,0,1,0,1,0,1,1,0,0,1
ERR1217434,0,0,0,0,0,0,0,1,0,0,0,0,0,0
ERR1217437,1,1,0,0,1,1,0,1,0,1,1,0,0,1
ERR1217439,0,0,0,0,0,0,0,1,0,0,0,1,0,0
ERR1217440,1,1,0,0,1,1,0,1,0,1,1,0,0,1
ERR1217443,0,0,0,0,0,0,0,1,0,0,0,0,0,0
ERR1217445,0,0,0,0,0,0,0,1,0,0,0,0,0,0
ERR1217448,1,0,1,0,0,1,0,1,0,1,1,1,0,1
ERR1217450,0,0,0,0,0,1,0,1,0,0,0,0,0,0
ERR1217451,1,1,1,0,1,1,0,1,0,0,1,1,0,1
ERR1217453,1,1,0,0,0,1,0,1,0,1,1,0,0,1
ERR1217454,1,0,1,0,0,1,0,1,0,1,1,1,0,1
ERR1217455,1,1,0,0,1,1,0,1,0,0,1,0,0,1
ERR1217456,0,0,0,0,0,0,0,1,0,0,0,0,0,0
ERR1217457,1,1,0,0,1,1,0,1,0,1,1,0,0,1
ERR1217458,0,0,0,0,0,0,0,1,0,0,0,0,0,0
ERR1217459,1,1,0,0,1,1,0,1,0,0,1,0,0,0
ERR1217462,1,0,1,0,0,1,0,1,0,1,1,1,0,1
ERR1217466,1,0,1,0,0,1,0,1,0,1,1,0,0,1
ERR1217467,1,1,1,0,0,1,0,1,0,1,1,0,0,1
ERR1217468,0,0,0,0,0,0,0,1,0,0,0,0,0,0
ERR1217470,1,0,0,0,0,1,0,1,0,0,1,1,0,1
ERR1217471,1,0,1,0,0,1,0,1,0,1,1,0,0,1
ERR1217474,1,1,1,0,0,1,0,0,0,0,0,0,0,0
ERR1217475,1,1,0,0,0,1,0,1,0,0,1,0,0,0
ERR1217476,1,1,1,0,0,0,0,1,0,0,0,0,0,0
ERR1217478,1,0,1,0,0,1,0,1,0,1,1,1,0,1
ERR1217480,1,1,0,0,1,0,0,1,0,0,1,0,0,0
ERR1228139,1,0,1,0,0,1,0,1,0,0,1,0,0,1
ERR1228140,1,1,0,0,1,1,0,1,0,1,1,0,0,1
ERR1228142,1,1,0,0,1,1,0,1,0,0,0,0,0,0
ERR1228143,1,1,0,0,0,1,0,1,0,1,1,0,0,1
ERR1228146,1,1,0,0,0,1,0,0,0,1,1,0,0,1
ERR1228149,1,1,0,0,0,1,0,0,0,1,1,0,0,1
ERR1228154,1,1,0,0,1,1,0,1,0,1,1,0,0,1
ERR1228158,1,1,0,0,0,1,0,1,0,1,1,0,0,1
ERR1228159,0,0,0,0,0,0,0,1,0,0,0,0,0,0
ERR1228160,1,1,0,0,0,1,0,1,0,1,1,0,0,1
ERR1228162,1,1,0,0,0,1,0,1,0,1,1,0,0,1
ERR1228172,0,0,0,0,0,0,0,1,0,0,0,0,0,0
ERR1228173,1,1,0,0,0,1,0,1,0,1,1,0,0,1
ERR1228177,1,1,0,0,0,1,0,1,0,1,1,0,0,1
ERR1228178,0,0,0,0,0,0,0,1,0,0,0,0,0,0
ERR1228179,0,0,0,0,0,0,0,1,0,0,0,0,0,0
ERR1228180,1,1,0,0,0,1,0,1,0,1,1,0,0,1
ERR1228182,1,1,0,0,0,1,0,1,0,1,1,0,0,1
ERR1228183,0,0,0,0,0,1,0,1,0,0,1,1,0,1
ERR1228184,1,1,0,0,0,1,0,1,0,1,1,0,0,1
ERR1228185,0,0,0,0,0,0,0,1,0,0,0,1,0,0
ERR1228186,1,1,0,0,0,1,0,1,0,1,1,0,0,1
ERR1228189,0,0,1,0,0,0,0,1,0,0,0,0,0,0
ERR1228190,1,1,0,0,0,1,0,1,0,1,1,0,0,1
ERR1228191,0,0,0,0,0,0,0,0,0,1,0,0,0,0
ERR1228192,1,1,0,0,1,1,0,1,0,1,1,1,0,1
ERR1228193,0,0,0,0,0,0,0,1,0,0,0,0,0,0
ERR1228195,1,1,0,0,0,1,0,1,0,1,1,0,0,1
ERR1228196,1,1,0,0,0,1,0,1,0,1,1,0,0,1
ERR1228197,1,1,0,0,0,1,0,1,0,0,1,0,0,0
ERR1228198,1,1,0,0,0,1,0,1,0,1,1,0,0,1
ERR1228199,1,1,0,0,0,1,0,1,0,1,1,0,0,1
ERR1228204,1,0,0,0,0,0,0,1,0,0,1,0,0,0
ERR1228205,1,1,0,0,0,1,0,1,0,1,1,0,0,1
ERR1228208,0,0,0,0,0,0,0,1,0,0,0,0,0,0
ERR1228210,1,0,0,0,0,0,0,1,0,0,0,1,0,1
ERR1228211,1,1,0,0,1,1,0,1,0,1,1,0,0,1
ERR1228212,0,0,0,0,0,0,1,1,0,0,0,0,0,0
ERR1228214,0,0,0,0,0,0,1,1,0,0,0,0,0,0
ERR1228217,1,1,1,0,0,1,0,1,0,1,1,0,0,1
ERR1228220,0,0,0,0,0,0,0,1,0,0,0,0,0,0
ERR1228221,1,1,0,0,0,1,0,1,0,1,1,0,0,1
ERR1228224,0,0,0,0,0,0,0,1,0,0,0,0,0,0
ERR1228227,1,1,0,0,0,1,0,1,0,1,1,1,0,0
ERR1228228,1,1,0,0,0,1,0,1,0,1,1,0,0,1
ERR1228229,0,0,0,0,0,0,0,1,0,0,1,0,0,1
ERR1228230,1,1,0,0,0,1,0,1,0,1,1,0,0,1
ERR1228243,0,0,0,0,0,0,0,1,0,0,0,0,0,0
ERR1228245,1,1,1,0,0,1,0,1,0,1,1,1,0,1
ERR1228247,1,1,1,0,1,1,0,1,0,1,0,1,0,0
ERR1228248,1,1,1,0,0,1,0,1,0,1,0,0,0,0
ERR1228249,1,1,1,0,0,1,0,1,0,1,1,0,0,1
ERR1228252,1,1,1,0,0,1,0,1,0,1,1,0,0,1
ERR1228253,1,1,1,0,0,1,0,1,0,0,1,0,0,0
ERR1228255,1,1,1,0,0,1,0,1,0,1,1,0,0,1
ERR1228256,1,1,1,0,0,1,0,1,0,0,1,0,0,0
ERR1228258,1,1,1,0,0,1,0,1,0,1,1,0,0,1
ERR1228259,1,1,1,0,0,1,0,1,0,1,1,0,0,1
ERR1228260,1,1,1,0,0,1,0,1,0,1,1,0,0,1
ERR1228261,1,1,0,0,1,1,0,1,0,0,1,1,0,1
ERR1228262,1,1,1,0,0,1,0,1,0,1,1,0,0,1
ERR1228263,1,1,1,0,0,1,0,1,0,1,1,0,0,1
ERR1228264,1,0,1,0,0,1,0,1,0,1,1,0,0,1
ERR1228265,1,1,1,0,0,1,0,1,0,1,1,0,0,1
ERR1228266,1,1,1,0,0,1,0,1,0,1,1,0,0,1
ERR1228268,1,1,1,0,0,1,0,1,0,1,1,0,0,1
ERR1228269,1,0,1,0,0,1,0,1,0,1,1,0,0,1
ERR1228270,1,1,0,0,0,1,0,1,0,1,1,0,0,1
ERR1228271,1,1,1,0,0,1,0,1,0,1,1,0,0,1
ERR1228272,1,1,1,0,0,1,0,1,0,0,1,0,0,1
ERR1228273,1,1,1,0,0,1,0,1,0,0,1,0,0,1
ERR1228274,1,1,1,0,0,1,0,1,0,0,1,0,0,0
ERR1228275,1,1,0,0,0,1,0,1,0,0,1,0,0,0
ERR1228276,1,1,1,0,0,1,0,1,0,1,1,0,0,1
ERR1228278,1,0,1,0,0,1,0,1,0,1,1,0,0,1
ERR1228280,1,0,1,0,0,1,0,1,0,1,1,0,0,1
ERR1228283,1,1,1,0,0,1,0,1,0,1,1,0,0,1
ERR1228289,1,0,1,0,0,1,0,1,0,1,1,0,0,1
ERR1228291,0,0,0,0,0,1,0,1,0,0,0,0,0,1
ERR1228295,1,0,0,0,0,0,0,1,0,0,1,0,0,1
ERR1228296,1,0,1,0,0,1,0,1,0,1,1,0,0,1
ERR1228297,0,0,0,0,0,0,0,1,0,1,0,0,0,0
ERR1228298,1,0,1,0,0,1,0,1,0,1,1,0,0,1
ERR1228299,1,0,1,0,0,1,0,1,0,0,1,0,0,1
ERR1228300,0,0,0,0,0,0,0,1,0,0,0,0,0,0
ERR1228341,1,1,1,0,0,1,0,1,0,1,1,0,0,1
ERR1228344,1,1,1,0,0,1,0,1,0,1,1,0,0,1
ERR1228345,1,1,1,0,0,1,0,1,0,1,1,0,0,1
ERR1228350,1,1,1,0,0,1,0,1,0,0,0,1,0,1
ERR1228351,1,1,1,0,0,1,0,1,0,1,1,0,0,1
ERR1228352,1,1,1,0,0,1,0,1,0,1,1,0,0,1
ERR1228353,1,1,1,0,0,1,0,1,0,1,1,0,0,1
ERR1228355,1,1,1,0,0,1,0,1,0,0,1,0,0,1
ERR1228357,1,1,0,0,0,1,0,1,0,1,0,1,0,1
ERR1228359,0,1,0,0,0,1,0,1,0,0,0,0,0,0
ERR1228360,1,1,1,0,0,1,0,1,0,1,1,0,0,1
ERR1228361,1,0,1,0,0,0,0,1,0,0,0,0,0,0
ERR1228363,1,1,1,0,1,1,0,1,0,1,1,0,0,1
ERR1228364,1,1,1,0,0,1,0,1,0,1,1,1,0,1
ERR1228365,1,1,1,0,0,1,0,1,0,1,1,1,0,1
ERR1228366,1,1,1,0,0,1,0,1,0,0,1,0,0,0
ERR1228367,1,1,0,0,0,0,0,1,0,0,1,0,0,1
ERR1228371,1,1,0,0,0,1,0,1,0,1,1,0,0,1
ERR1228373,1,1,1,0,1,1,0,1,0,1,1,0,0,1
ERR1228374,0,0,0,0,0,0,0,1,0,0,0,0,0,0
ERR1228376,1,1,1,0,0,1,0,1,0,1,1,0,0,1
ERR1228377,1,1,1,0,0,1,0,1,0,1,1,0,0,1
ERR1228378,1,1,1,0,0,1,0,1,0,1,1,0,0,1
ERR1228379,0,1,0,0,0,1,0,1,0,0,0,1,0,0
ERR1228380,1,1,1,0,1,1,0,1,0,1,1,0,0,1
ERR1228381,1,1,1,0,0,1,0,1,0,1,1,0,0,1
ERR1228382,1,1,1,0,0,1,0,1,0,1,1,0,0,1
ERR1228383,1,1,0,0,0,1,0,1,0,1,1,0,0,1
ERR1228387,1,1,1,0,0,1,0,1,0,1,1,0,0,1
ERR1228391,1,1,0,0,0,1,0,1,0,1,1,1,0,1
ERR1228392,1,1,1,0,1,1,0,1,0,1,1,0,0,1
ERR1228398,1,1,0,0,0,1,0,1,0,1,1,0,0,1
ERR1228400,1,0,0,0,0,1,0,1,0,1,1,1,0,1
ERR1228401,1,1,1,0,0,1,0,1,0,1,1,1,0,1
ERR1228402,1,1,1,0,0,1,0,1,0,1,1,0,0,1
ERR1228403,0,1,0,0,0,1,0,1,0,0,0,0,0,1
ERR1228404,0,0,0,0,0,0,0,1,0,0,0,1,0,0
ERR1289695,1,1,0,0,0,1,0,1,0,1,1,1,0,1
ERR1289696,1,1,1,0,0,1,0,1,0,1,1,0,0,1
ERR1289697,1,1,1,0,0,0,0,1,0,1,0,1,0,1
ERR1289699,1,0,1,0,0,0,0,1,0,1,0,1,0,1
ERR1289701,0,0,0,0,0,0,0,1,0,0,0,0,0,0
ERR1289703,1,1,1,0,0,1,0,1,0,1,1,0,0,1
ERR1289704,1,1,1,0,0,1,0,1,0,1,1,0,0,1
ERR1289705,1,0,1,0,0,1,0,1,0,1,1,0,0,1
ERR1289707,0,1,0,0,0,1,0,1,0,0,0,0,0,0
ERR1289711,0,0,0,0,0,1,0,1,0,0,0,0,0,0
ERR1289712,0,0,0,0,0,1,0,1,0,0,0,0,0,0
ERR1289713,1,1,1,0,0,1,0,1,0,1,1,0,0,1
ERR1289715,0,0,0,0,0,0,0,1,0,0,0,0,0,0
ERR1289717,1,1,1,0,0,1,0,1,0,1,1,1,0,1
ERR1289719,1,1,0,0,0,1,0,1,0,1,0,0,0,1
ERR1289720,0,0,0,0,0,0,0,1,0,0,0,0,0,0
ERR1289721,1,1,0,0,0,1,0,1,0,1,1,0,0,1
ERR1289722,0,0,0,0,0,0,0,1,0,0,0,0,0,0
ERR1289723,1,1,0,0,0,1,0,1,0,1,1,0,0,1
ERR1289724,1,0,0,0,0,0,0,1,0,0,0,0,0,0
ERR1289725,1,1,0,0,0,1,0,1,0,1,1,0,0,1
ERR1289726,0,0,0,0,0,0,0,1,0,0,0,1,0,0
ERR1289727,1,1,0,0,0,1,0,1,0,1,1,0,0,1
ERR1289728,1,1,1,0,0,1,0,1,0,1,1,1,0,1
ERR1289729,1,1,1,0,0,1,0,1,0,1,1,1,0,1
ERR1289730,1,1,1,0,0,1,0,1,0,1,1,1,0,1
ERR1289731,1,0,1,0,0,1,0,1,0,1,1,1,0,1
ERR1289732,1,0,1,0,0,1,0,1,0,1,0,1,0,1
ERR1289736,1,1,1,0,0,1,0,1,0,1,1,0,0,0
ERR1289737,0,1,0,0,0,1,0,1,0,1,1,1,0,1
ERR1289738,0,0,0,0,0,0,0,1,0,0,0,0,0,0
ERR1289740,0,1,0,0,0,0,0,1,0,0,0,0,0,0
ERR1289741,1,1,1,0,0,1,0,1,0,1,1,1,0,1
ERR1289747,1,1,1,0,0,1,0,1,0,1,1,1,0,1
ERR1289751,1,1,1,0,1,1,0,1,0,1,1,0,0,1
ERR1289752,1,1,1,0,0,1,0,1,0,1,1,0,0,1
ERR1289753,1,1,0,0,1,1,0,1,0,1,1,0,0,1
ERR1289754,1,1,1,0,0,1,0,1,0,1,1,1,0,1
ERR1289760,0,0,0,0,0,1,0,1,0,0,0,0,0,0
ERR1289762,1,1,1,0,1,1,0,0,0,0,0,0,0,0
ERR1289763,1,1,1,0,1,1,0,1,0,1,1,0,0,1
ERR1289765,1,1,0,0,1,1,0,1,0,0,0,0,0,0
ERR1289767,1,0,0,0,0,0,0,1,0,0,0,0,0,0
ERR1289769,0,0,0,0,0,0,0,1,0,0,0,0,0,0
ERR1289771,0,1,0,0,0,1,0,1,0,0,0,0,0,0
ERR1289772,1,0,1,0,0,1,0,1,0,0,1,0,0,0
ERR1289773,1,1,0,0,0,1,0,1,0,1,1,1,0,1
ERR1289774,1,1,1,0,0,1,0,1,0,1,1,1,0,1
ERR1289775,1,1,0,0,0,1,0,1,0,1,1,1,0,1
ERR1289776,1,0,0,0,0,1,0,1,0,1,1,1,0,1
ERR1289789,0,0,0,0,0,0,0,1,0,0,0,0,0,0
ERR1289790,1,0,0,0,0,1,0,1,0,1,0,1,0,1
ERR1289798,0,0,0,0,0,0,0,1,0,0,0,0,0,0
ERR1289800,1,1,1,0,0,1,0,1,0,1,1,0,0,1
ERR1289802,0,0,0,0,0,0,0,1,0,0,0,0,0,0
ERR1289803,0,0,0,0,0,0,0,1,0,0,0,0,0,0
ERR1289804,0,0,0,0,0,0,0,1,0,0,0,1,0,0
ERR1289805,0,0,0,0,0,0,0,1,0,0,0,0,0,0
ERR1289806,0,0,0,0,0,0,0,0,0,0,1,0,0,1
ERR1289807,0,0,0,0,0,0,0,1,0,0,0,0,0,0
ERR1289808,1,1,1,0,0,1,0,1,0,1,1,0,0,1
ERR1289809,0,1,0,0,0,1,0,1,0,0,0,0,0,1
ERR1289810,0,0,0,0,0,1,0,1,0,0,1,0,0,1
ERR1289812,0,0,0,0,0,0,0,1,0,0,0,0,0,0
ERR1289813,0,0,0,0,0,0,0,1,0,0,0,0,0,0
ERR1289815,1,0,0,0,0,0,0,1,0,1,1,1,0,1
ERR1289816,0,0,0,0,0,0,0,1,0,0,0,0,0,0
ERR1289817,1,1,0,0,0,0,0,1,0,1,1,0,0,1
ERR1289818,1,0,1,0,0,1,0,1,0,1,0,1,0,1
ERR1289819,1,1,0,0,0,0,0,1,0,1,1,0,0,1
ERR1289820,0,0,0,0,0,0,0,1,0,0,0,0,0,0
ERR1289821,0,0,0,0,0,0,0,0,0,0,0,0,0,0
ERR1289822,0,0,0,0,0,0,0,1,0,0,0,0,0,0
ERR1289823,1,1,1,0,1,1,0,0,0,1,1,0,0,1
ERR1289826,1,0,0,0,0,1,0,1,0,1,0,1,0,1
ERR1289827,1,1,1,0,1,1,0,0,0,1,1,0,0,1
ERR1289830,0,0,0,0,0,0,0,1,0,0,0,0,0,0
ERR1289832,1,0,1,0,0,1,0,1,0,1,1,1,0,1
ERR1289833,0,0,0,0,0,0,0,1,0,0,0,1,0,0
ERR1289835,1,1,1,0,1,1,0,1,0,1,1,0,0,1
ERR1289839,0,0,0,0,0,0,0,1,0,0,0,0,0,0
ERR1289840,1,0,0,0,0,0,0,1,0,0,0,0,0,0
ERR1289841,0,0,0,0,0,0,0,1,0,0,0,0,0,0
ERR1289842,1,0,0,0,0,0,0,1,0,0,0,0,0,0
ERR1289843,1,0,0,0,0,0,0,1,0,0,0,1,0,0
ERR1289844,1,0,1,0,0,1,0,1,0,1,1,0,0,1
ERR1289847,1,1,1,0,0,1,0,1,0,1,1,0,0,1
ERR1289848,1,1,1,0,0,1,0,1,0,1,0,1,0,1
ERR1289849,1,1,1,0,0,0,0,1,0,1,0,1,0,1
ERR1289850,1,1,1,0,0,1,0,1,0,1,1,0,0,1
ERR1289851,1,1,0,0,0,0,0,1,0,0,0,0,0,1
ERR1289852,1,1,1,0,0,0,0,1,0,1,0,1,0,1
ERR1289854,0,0,0,0,0,0,0,1,0,0,0,1,0,0
ERR1289855,1,0,0,0,0,0,0,1,0,0,0,1,0,0
ERR1289856,0,0,0,0,0,0,0,1,0,0,0,0,0,0
ERR1289857,0,0,0,0,0,0,0,1,0,0,0,0,0,0
ERR1334417,1,1,1,0,0,1,0,1,0,1,1,1,0,1
ERR1334418,1,1,0,0,0,1,0,1,0,1,0,1,0,1
ERR1334420,1,1,0,0,0,1,0,1,0,1,1,0,0,1
ERR1334421,0,0,0,0,0,1,0,1,0,0,0,0,0,0
ERR1334422,0,0,0,0,0,0,0,1,0,0,0,0,0,0
ERR1334424,1,1,0,0,0,1,0,1,0,0,0,0,0,1
ERR1334425,1,1,0,0,0,1,0,1,0,1,0,1,0,0
ERR1334426,0,0,0,0,0,0,0,1,0,0,0,0,0,0
ERR1334433,1,1,1,0,1,1,0,1,0,1,1,0,0,1
ERR1334434,0,0,0,0,0,0,0,1,0,0,0,0,0,0
ERR1334438,0,0,0,0,0,0,0,1,0,0,0,0,0,0
ERR1334440,0,0,0,0,0,0,0,1,0,0,0,0,0,0
ERR1334441,1,1,0,0,0,1,0,1,0,0,0,0,0,0
ERR1334442,0,1,0,0,0,1,0,0,0,1,0,1,0,0
ERR1334448,0,0,0,0,0,0,0,1,0,0,0,0,0,0
ERR1334449,1,1,1,0,1,1,0,0,0,1,1,0,0,1
ERR1334451,1,1,0,0,1,1,0,1,0,1,1,0,0,1
ERR1334454,1,1,0,0,0,0,0,1,0,0,0,1,0,0
ERR1334455,0,0,0,0,0,0,0,1,0,0,0,0,0,0
ERR1334460,1,1,1,0,1,1,0,1,0,1,1,0,0,1
ERR1334464,0,0,0,0,0,0,0,1,0,0,0,0,0,0
ERR1334469,1,1,1,0,1,1,0,1,0,1,1,0,0,1
ERR1334470,1,1,1,0,1,1,0,1,0,1,1,1,0,1
ERR1334471,1,1,1,0,1,1,0,1,0,1,1,0,0,1
ERR1334472,0,0,0,0,0,0,0,1,0,0,1,1,0,1
ERR1334473,1,0,0,0,0,0,0,1,0,0,1,0,0,1
ERR1334474,0,0,0,0,0,0,0,1,0,0,0,0,0,0
ERR1334475,0,0,0,0,0,0,0,1,0,0,0,0,0,0
ERR1334482,0,0,0,0,0,0,0,1,0,0,0,0,0,0
ERR1334485,1,1,1,0,0,1,0,1,0,1,0,1,0,1
ERR1334492,1,1,1,0,1,1,0,1,0,1,1,0,0,1
ERR1334494,1,1,1,0,1,1,0,1,0,1,1,0,0,1
ERR1334496,0,1,0,0,0,0,0,1,0,0,0,0,0,0
ERR1334497,1,1,1,0,1,1,0,1,0,1,1,0,0,1
ERR1334499,1,0,0,0,0,1,0,1,0,0,1,0,0,1
ERR1334500,1,1,1,0,0,1,0,1,0,1,1,1,0,1
ERR1334503,1,0,1,0,0,1,0,1,0,1,1,1,0,0
ERR1334504,1,0,1,0,0,1,0,1,1,0,1,0,0,1
ERR1334507,0,0,0,0,0,0,0,1,0,0,0,0,0,0
ERR1334508,1,1,0,0,0,1,0,1,0,1,1,1,0,1
ERR1334509,1,1,1,0,1,1,0,1,1,1,1,0,0,1
ERR1334510,0,0,0,0,0,0,0,1,0,0,0,0,0,0
ERR1334511,1,1,1,0,0,1,0,1,0,1,1,1,0,1
ERR1334519,1,0,1,0,0,1,0,1,0,1,1,1,0,1
ERR1334521,1,1,0,0,0,1,0,1,0,0,1,1,0,1
ERR1334522,0,0,0,0,0,0,0,1,0,0,0,0,0,0
ERR1334526,0,0,0,0,0,0,0,1,0,0,0,1,0,0
ERR1334530,0,0,0,0,0,0,0,1,0,0,0,0,0,0
ERR1334535,1,1,0,0,0,1,0,1,0,1,1,0,0,1
ERR1334543,0,0,1,0,0,0,0,1,0,0,0,0,0,1
ERR1334550,1,0,1,0,0,1,0,1,0,1,0,0,0,1
ERR1334551,1,0,1,0,0,1,0,1,0,1,0,0,0,1
ERR1334560,1,0,0,0,0,1,0,1,0,1,1,0,0,1
ERR1334574,1,1,1,0,0,1,0,1,0,1,1,0,0,1
ERR1334581,0,0,0,0,0,0,0,1,0,0,0,0,0,0
ERR1334582,1,1,1,0,1,1,0,1,0,1,1,0,0,1
ERR1334583,1,1,1,0,1,1,0,1,0,1,1,0,0,1
ERR1334584,1,1,1,0,1,1,0,1,0,1,1,0,0,1
ERR1334585,0,0,0,0,0,0,0,1,0,0,0,0,0,0
ERR1334587,1,1,0,0,1,1,0,1,0,1,0,0,0,1
ERR1334590,0,0,0,0,0,0,0,1,0,0,0,0,0,0
ERR1334591,0,0,0,0,0,0,0,1,0,0,0,0,0,0
ERR1334598,0,0,0,0,0,0,0,1,0,0,0,0,0,0
ERR1334599,1,0,0,0,0,0,0,1,0,0,1,1,0,1
ERR1334601,1,1,0,0,0,1,0,1,0,1,1,0,0,1
ERR1334602,1,1,1,0,1,1,0,1,0,1,0,1,0,1
ERR1334603,1,1,0,0,0,1,0,1,0,1,1,1,0,1
ERR1334604,0,0,0,0,0,0,0,1,0,0,0,0,0,0
ERR1334605,1,1,1,0,0,1,0,1,0,1,1,1,0,1
ERR1334606,1,1,0,0,0,1,0,1,0,0,1,1,0,1
ERR1334607,1,1,0,0,1,1,0,1,0,1,1,0,0,1
ERR1334609,0,0,0,0,0,0,0,1,0,0,0,0,0,0
ERR1334610,0,0,0,0,0,0,0,1,0,0,0,0,0,0
ERR1334611,1,1,0,0,1,1,0,1,0,0,1,0,0,1
ERR1334613,1,1,0,0,0,1,0,1,0,0,0,0,0,0
ERR1334616,1,1,0,0,0,1,0,1,0,1,1,0,0,1
ERR1334617,0,0,0,0,0,1,0,1,0,0,0,0,0,0
ERR1334618,0,0,0,0,0,0,0,1,0,0,0,0,0,0
ERR1334619,1,1,1,0,1,1,0,1,0,1,1,0,0,1
ERR1334620,1,1,0,0,0,1,0,1,0,1,1,0,0,1
ERR1334621,1,1,0,0,0,1,0,1,0,1,1,0,0,1
ERR1334627,1,1,1,0,0,1,0,1,0,0,1,0,0,0
ERR1334632,1,0,1,0,0,1,0,1,1,1,1,0,0,1
ERR1334633,1,1,1,0,0,1,0,1,0,1,1,1,0,1
ERR1334634,0,0,0,0,0,0,0,1,0,0,0,0,0,0
ERR1334636,0,1,0,0,0,0,0,1,0,0,0,0,0,0
ERR1334637,0,0,0,0,0,0,0,1,0,0,0,0,0,0
ERR1334638,0,1,0,0,0,0,0,1,0,0,0,0,0,0
ERR1334641,1,0,0,0,0,0,0,1,0,0,1,1,0,1
ERR1334642,1,0,1,0,0,1,0,1,0,0,0,1,0,0
ERR1334644,1,1,1,0,0,1,0,1,0,1,1,0,0,1
ERR1334648,1,1,0,0,1,0,0,1,0,1,1,0,0,0
ERR1334649,1,0,0,0,0,0,0,1,0,1,1,1,0,0
ERR1334650,1,1,0,0,0,0,0,1,0,0,1,0,0,1
ERR1334651,1,1,1,0,0,1,0,1,0,0,1,0,0,1
ERR1334652,1,1,1,0,0,1,0,1,0,1,1,0,0,1
ERR1334653,1,1,1,0,0,1,0,1,0,1,1,0,0,1
ERR1334654,1,1,1,0,0,1,0,1,0,1,1,0,0,1
ERR1334655,1,1,1,0,1,0,0,1,0,0,1,0,0,1
ERR1334656,1,1,0,0,0,0,0,1,0,0,1,0,0,1
ERR1334657,1,0,1,0,0,1,0,0,0,1,1,1,0,1
ERR1334658,1,1,1,0,0,1,0,1,0,0,1,0,0,1
ERR1334659,1,1,1,0,0,1,0,1,0,1,1,0,0,1
ERR1334660,1,1,1,0,0,1,0,1,0,1,1,0,0,1
ERR1334661,1,1,1,0,0,1,0,1,0,1,1,0,0,1
ERR1334662,1,1,1,0,0,1,0,1,0,1,1,0,0,1
ERR1334663,1,1,1,0,0,1,0,1,0,1,1,0,0,1
ERR1334666,1,1,0,0,0,0,0,1,0,0,1,1,0,1
ERR1334667,1,1,0,0,0,0,0,1,0,0,1,0,0,1
ERR1334668,1,1,1,0,0,1,0,1,0,0,1,0,0,1
ERR1334669,1,0,1,0,0,1,0,1,0,1,1,1,0,1
ERR1334671,1,0,0,0,0,1,0,1,0,1,1,1,0,0
ERR1334672,0,0,0,0,0,0,0,1,0,0,0,0,0,0
ERR1334673,1,1,1,0,0,1,0,1,0,1,1,0,0,1
ERR1334674,0,1,0,0,0,0,0,1,0,0,0,0,0,0
ERR1334675,1,1,1,0,0,1,0,1,0,1,1,0,0,1
ERR1334676,1,1,1,0,0,1,0,1,0,1,1,0,0,1
ERR1334677,0,0,0,0,0,0,0,1,0,0,0,1,0,0
ERR1334678,1,0,1,0,0,1,0,1,0,1,0,1,0,1
ERR1334679,0,0,0,0,0,0,0,1,0,0,0,0,0,1
ERR1334680,1,1,1,0,0,1,0,1,0,1,1,1,0,1
ERR1334681,1,0,1,0,0,1,0,1,0,1,1,1,0,1
ERR1334682,1,1,1,0,0,1,0,1,0,0,1,0,0,1
ERR1334683,1,0,1,0,0,1,0,1,0,1,1,1,0,1
ERR1334684,1,1,1,0,0,1,0,1,0,1,1,1,0,1
ERR1334685,1,1,1,0,0,1,0,1,0,1,1,0,0,1
ERR1334686,0,0,0,0,0,1,0,1,0,0,0,0,0,0
ERR1334687,1,0,1,0,0,1,0,1,0,1,1,1,0,1
ERR1334688,1,0,1,0,0,1,0,1,0,1,1,0,0,1
ERR1334690,1,0,1,0,0,1,0,1,0,0,1,0,0,0
ERR1334691,1,1,0,0,0,0,0,1,0,0,1,0,0,1
ERR1334692,1,1,1,0,0,1,0,1,0,1,1,1,0,1
ERR1334693,1,0,0,0,0,0,0,1,0,0,1,0,0,1
ERR1334695,0,1,0,0,0,1,0,1,0,0,0,0,0,0
ERR1334696,1,1,1,0,0,1,0,1,0,1,1,0,0,1
ERR1334697,1,1,1,0,0,1,0,1,0,1,1,0,0,1
ERR1334698,1,1,1,0,0,1,0,1,0,1,1,0,0,1
ERR1334699,1,1,1,0,0,1,0,1,0,1,1,1,0,1
ERR1334700,1,0,1,0,0,1,0,1,0,1,1,0,0,0
ERR1334701,1,1,0,0,0,0,0,1,0,1,1,0,0,1
ERR1334703,1,1,0,0,0,0,0,1,0,0,1,0,0,1
ERR1334704,1,1,0,0,0,1,0,1,0,0,1,0,0,1
ERR1334705,1,1,1,0,0,1,0,1,0,1,1,0,0,1
ERR1334706,0,0,0,0,0,0,0,1,0,0,0,0,0,0
ERR1334707,1,0,1,0,0,1,0,1,0,1,1,1,0,1
ERR1334709,1,0,1,0,0,1,0,1,0,1,1,1,0,1
ERR1334710,0,0,0,0,0,0,0,1,0,0,0,1,0,0
ERR1334711,0,0,0,0,0,0,0,1,0,0,0,0,0,0
ERR1334712,1,0,1,0,0,1,0,1,0,1,1,1,0,1
ERR1334713,1,1,0,0,0,0,0,1,0,0,1,0,0,1
ERR1334714,1,1,1,0,0,1,0,1,0,0,1,0,0,1
ERR1334715,1,0,0,0,0,0,0,1,0,0,1,0,0,0
ERR1334716,1,1,1,0,0,1,0,1,0,1,1,0,0,1
ERR1334722,0,0,0,0,0,0,0,1,0,0,0,0,0,0
ERR1334723,0,0,0,0,0,0,0,1,0,0,0,0,0,0
ERR1334724,0,0,0,0,0,0,0,1,0,0,0,0,0,0
ERR1334725,0,0,0,0,0,0,0,1,0,0,0,0,0,0
ERR1334727,1,0,1,0,0,1,0,1,0,1,1,1,0,1
ERR1334728,1,0,1,0,0,1,0,1,0,0,1,0,0,0
ERR1334729,0,0,0,0,0,0,0,1,0,0,0,1,0,0
ERR1334730,0,0,0,0,0,0,0,1,0,0,0,0,0,0
ERR1334731,1,1,1,0,0,1,0,1,0,1,1,1,0,1
ERR1334733,1,1,0,0,1,1,0,1,0,0,1,1,0,1
ERR1334734,1,1,0,0,0,0,0,1,0,0,1,0,0,1
ERR1334735,0,1,0,0,0,1,0,1,0,0,0,0,0,0
ERR1334736,0,0,0,0,0,0,0,1,0,0,0,0,0,0
ERR1334737,1,0,1,0,0,1,0,1,0,1,1,0,0,0
ERR1334738,1,0,1,0,0,1,0,1,0,1,1,1,0,1
ERR1334740,1,1,1,0,0,1,0,1,0,1,1,1,0,1
ERR1334741,1,0,1,0,0,1,0,1,0,1,1,0,0,1
ERR1334743,1,0,1,0,0,1,0,1,0,1,1,0,0,1
ERR1374861,1,1,1,0,0,1,0,1,0,1,1,1,0,1
ERR1374862,0,1,1,0,0,1,0,1,0,0,0,0,0,1
ERR1374863,1,0,0,0,0,0,0,1,1,0,1,1,0,0
ERR1374866,0,0,0,0,0,0,0,1,0,0,0,0,0,0
ERR1374869,0,0,0,0,0,1,0,1,0,0,1,0,0,1
ERR1374873,0,1,0,0,0,0,0,1,0,0,0,1,0,0
ERR1374875,1,1,1,0,0,1,0,1,0,0,1,0,0,1
ERR1374876,0,0,0,0,0,0,0,1,0,0,0,1,0,0
ERR1374878,0,1,0,0,0,0,0,1,0,0,0,0,0,0
ERR1374879,1,1,0,0,1,1,0,1,0,1,1,1,0,1
ERR1374880,1,1,1,0,0,1,0,1,0,0,0,1,0,0
ERR1374881,1,1,1,0,0,1,0,1,0,0,0,0,0,0
ERR1374882,0,0,0,0,0,0,0,1,0,0,0,0,0,0
ERR1374883,1,1,1,0,0,1,0,1,0,0,0,1,0,0
ERR1374884,1,1,1,0,0,1,0,1,0,1,1,1,0,1
ERR1374887,1,1,1,0,0,1,0,0,0,0,0,0,0,0
ERR1374888,0,0,0,0,0,0,0,1,0,0,0,0,0,0
ERR1374890,1,1,1,0,0,1,0,1,0,1,0,1,0,1
ERR1374891,0,0,0,0,0,0,0,1,0,0,0,0,0,0
ERR1374894,1,0,1,0,0,1,0,1,0,1,1,0,0,1
ERR1374895,1,0,1,0,0,1,0,1,0,1,1,1,0,1
ERR1374896,1,0,0,0,1,1,0,1,0,0,1,0,0,0
ERR1374897,1,0,1,0,0,1,0,1,0,1,1,1,0,1
ERR1374898,1,0,1,0,0,1,0,1,0,1,1,1,0,1
ERR1374899,1,0,1,0,0,1,0,1,0,1,1,1,0,1
ERR1374900,1,0,1,0,0,1,0,1,0,1,1,1,0,1
ERR1374901,1,1,1,0,0,1,0,1,0,0,1,0,0,1
ERR1374902,1,1,0,0,1,1,0,1,0,1,1,1,0,1
ERR1374903,1,0,1,0,0,1,0,1,0,0,1,0,0,1
ERR1374904,1,1,1,0,0,1,0,1,0,1,1,1,0,1
ERR1374906,1,0,1,0,0,0,0,1,0,0,1,1,0,1
ERR1374907,1,0,1,0,0,1,0,1,0,1,1,0,0,1
ERR1374908,1,0,1,0,0,1,0,1,0,1,1,1,0,1
ERR1374909,1,1,1,0,1,1,0,1,0,1,1,0,0,1
ERR1374910,1,1,1,0,0,1,0,1,0,1,0,1,0,1
ERR1374912,1,0,1,0,0,1,0,1,0,1,1,1,0,1
ERR1374913,1,1,1,0,1,1,0,1,0,1,1,0,0,1
ERR1374914,0,0,0,0,0,0,0,1,0,0,0,0,0,0
ERR1374915,1,1,1,0,0,1,0,1,0,1,1,0,0,1
ERR1374916,0,1,0,0,0,0,0,1,0,0,0,0,0,0
ERR1374917,1,0,1,0,0,1,0,1,0,0,1,0,0,1
ERR1374918,1,1,0,0,1,1,0,1,0,0,1,0,0,1
ERR1374919,1,0,1,0,0,1,0,1,0,1,1,1,0,1
ERR1374920,1,0,1,0,0,1,0,1,0,1,1,1,0,1
ERR1374921,1,0,1,0,0,1,0,1,0,1,1,1,0,1
ERR1374922,1,0,1,0,0,1,0,1,0,1,1,1,0,1
ERR1374923,1,0,0,0,0,1,0,1,0,1,0,1,0,1
ERR1374924,1,0,1,0,0,0,0,1,0,0,0,0,0,0
ERR1374926,1,1,1,0,0,1,0,1,0,1,1,1,0,1
ERR1374927,0,1,0,0,0,0,0,1,0,0,0,0,0,0
ERR1374928,1,1,1,0,0,1,0,1,0,0,1,1,0,1
ERR1374929,1,0,1,0,0,1,0,1,0,1,1,1,0,1
ERR1374936,1,1,0,0,1,1,0,1,0,1,1,0,0,1
ERR1374947,0,0,0,0,0,1,0,1,0,0,1,1,0,1
ERR1374960,1,1,1,0,0,1,0,1,0,1,1,0,0,1
ERR1374975,1,0,1,0,0,1,0,1,0,1,1,1,0,1
ERR1374976,1,1,1,0,0,1,0,1,0,1,1,1,0,1
ERR1374978,1,0,1,0,0,1,0,1,0,1,1,1,0,1
ERR1374989,0,0,0,0,0,0,0,1,0,0,0,0,0,0
ERR1374993,1,1,1,0,0,1,0,1,0,1,1,1,0,1
ERR1374994,1,0,1,0,0,1,0,1,0,1,0,0,0,1
ERR1374995,0,0,0,0,0,0,0,1,0,0,0,0,0,0
ERR1374998,1,1,1,0,0,1,0,1,0,1,1,1,0,1
ERR1375002,0,0,0,0,0,0,0,1,0,0,0,0,0,0
ERR1375004,0,0,0,0,0,0,0,1,0,0,0,0,0,0
ERR1375008,1,0,1,0,0,1,0,1,0,0,1,0,0,1
ERR1375016,0,0,0,0,0,0,0,1,0,0,0,0,0,0
ERR1375017,0,1,0,0,0,0,0,1,0,0,0,0,0,0
ERR1375020,1,0,0,0,0,1,0,1,0,1,1,1,0,1
ERR1375021,0,0,0,0,0,0,0,0,0,0,0,1,0,0
ERR1375022,0,0,0,0,0,0,0,1,0,0,0,0,0,0
ERR1375031,1,0,1,0,0,1,0,1,0,1,1,0,0,1
ERR1375039,0,0,0,0,0,0,0,1,0,0,0,0,0,0
ERR1375043,1,0,0,0,0,0,0,1,0,0,1,1,0,1
ERR1415458,0,0,0,0,0,0,0,1,0,0,0,0,0,0
ERR1415459,1,0,0,0,0,0,0,0,0,1,1,1,0,1
ERR1415460,1,0,0,0,1,1,0,1,0,1,1,1,0,0
ERR1415463,1,1,1,0,0,1,0,1,0,0,0,0,0,0
ERR1415464,1,1,1,0,0,1,0,1,0,0,1,0,0,1
ERR1415466,1,1,0,0,0,1,0,1,0,1,1,1,0,0
ERR1415471,0,0,0,0,0,0,0,1,0,0,0,0,0,0
ERR1415472,1,1,1,0,0,1,0,1,0,0,0,0,0,0
ERR1415473,1,1,1,0,0,1,0,1,0,0,0,0,0,0
ERR1415475,1,0,0,0,0,0,0,1,0,0,1,1,0,1
ERR1415476,1,1,1,0,0,1,0,1,0,1,0,1,0,1
ERR1415479,1,0,0,0,0,0,0,1,0,0,1,1,0,1
ERR1415481,1,1,1,0,0,1,0,1,0,1,0,0,0,0
ERR1415484,1,1,1,0,0,1,0,1,0,0,0,0,0,0
ERR1415487,1,1,1,0,0,1,0,1,0,1,0,1,0,0
ERR1415490,1,0,1,0,0,1,0,1,0,1,1,1,0,1
ERR1415491,1,1,1,0,0,1,0,1,0,1,0,1,0,1
ERR1415492,0,0,0,0,0,0,0,1,0,0,0,0,0,0
ERR1415497,1,1,1,0,0,1,0,1,0,1,1,0,0,0
ERR1415515,1,0,1,0,0,1,0,1,0,1,1,0,0,1
ERR1415518,1,1,1,0,0,0,0,1,0,0,0,1,0,1
ERR1415522,0,1,0,0,0,0,0,1,0,0,0,0,0,0
ERR1415525,1,1,0,0,0,1,0,1,0,1,1,0,0,1
ERR1415529,1,1,0,0,0,1,0,1,0,1,1,1,0,1
ERR1415535,1,1,1,0,0,1,0,1,0,1,1,0,0,1
ERR1415536,1,1,0,0,0,1,0,1,0,1,0,0,0,1
ERR1415538,1,1,0,0,0,1,0,1,0,1,0,0,0,1
ERR1415539,1,1,0,0,0,0,0,1,0,0,1,0,0,0
ERR1415542,1,0,0,0,0,1,0,1,0,0,1,0,0,1
ERR1415549,1,1,1,0,0,1,0,1,0,1,0,1,0,1
ERR1415555,1,1,0,0,0,1,0,1,0,1,1,0,0,1
ERR1415556,1,0,1,0,0,0,0,1,0,0,1,0,0,0
ERR1415564,1,1,0,0,0,1,0,1,0,0,1,0,0,0
ERR1415565,1,1,1,0,0,1,0,1,0,0,1,0,0,1
ERR1415569,1,0,1,0,0,1,0,1,0,1,1,0,0,1
ERR1415571,1,1,1,0,0,1,0,1,0,1,1,0,0,1
ERR1415573,1,1,0,0,0,0,0,1,0,1,1,0,0,1
ERR1415574,0,1,1,0,0,0,0,1,0,0,0,0,0,0
ERR1415581,0,0,0,0,0,0,0,1,0,0,0,1,0,0
ERR1415582,1,0,1,0,0,0,0,1,0,1,1,1,0,1
ERR1415583,1,0,1,0,0,1,0,1,0,1,1,1,0,1
ERR1415584,1,1,1,0,0,1,0,1,0,1,0,1,0,1
ERR1415585,1,1,1,0,0,1,0,1,0,1,1,1,0,1
ERR1415586,1,0,1,0,0,1,0,1,0,1,1,1,0,1
ERR1415587,1,1,1,0,0,1,0,1,0,1,1,1,0,1
ERR1415588,1,1,1,0,0,1,0,1,0,1,0,1,0,0
ERR1415590,1,1,1,0,0,1,0,1,0,1,0,1,0,1
ERR1415592,1,1,0,0,0,1,0,1,0,1,1,1,0,0
ERR1415593,1,1,1,0,0,1,0,1,0,0,0,0,0,1
ERR1415594,1,1,1,0,0,1,0,1,0,1,0,1,0,0
ERR1415599,1,1,1,0,0,1,0,1,0,0,0,1,0,0
ERR1415600,1,1,1,0,0,1,0,1,0,1,0,0,0,0
ERR1415603,1,1,1,0,0,1,0,1,0,1,0,1,0,1
ERR1415604,0,0,0,0,0,1,0,1,0,0,0,1,0,1
ERR1415605,1,1,1,0,0,1,0,1,0,0,0,1,0,0
ERR1415607,1,1,1,0,0,1,0,1,0,1,0,0,0,1
ERR1415608,1,0,1,0,0,1,0,1,0,1,1,0,0,1
ERR1415609,1,1,1,0,0,1,0,1,0,1,1,0,0,1
ERR1415610,1,0,0,0,0,0,0,1,0,0,1,1,0,1
ERR1415611,1,0,0,0,0,1,0,1,0,1,1,1,0,0
ERR1415612,1,1,1,0,0,1,0,1,0,1,1,0,0,1
ERR1415613,0,0,0,0,0,0,0,1,0,0,0,1,0,0
ERR1415614,1,1,1,0,1,1,0,1,0,1,1,0,0,0
ERR1415615,1,0,0,0,0,1,0,1,0,1,1,1,0,1
ERR1415616,1,1,1,0,0,1,0,1,0,1,0,1,0,1
ERR1415617,0,0,0,0,0,0,0,1,0,0,0,0,0,0
ERR1415618,1,1,1,0,0,1,0,1,0,1,0,1,0,1
ERR1415619,1,1,0,0,0,1,0,1,0,1,1,0,0,0
ERR1415620,1,1,1,0,0,1,0,1,0,0,0,1,0,0
ERR1415621,1,1,1,0,0,1,0,1,0,0,0,1,0,0
ERR1415622,1,1,1,0,0,1,0,1,0,0,0,1,0,0
ERR1415623,0,0,0,0,0,0,0,1,0,0,0,0,0,0
ERR1415625,0,0,0,0,0,0,0,1,0,0,0,0,0,0
ERR1415626,1,1,1,0,0,1,0,1,0,0,0,1,0,0
ERR1415627,1,1,1,0,0,1,0,1,0,0,0,0,0,0
ERR1415629,0,0,0,0,0,0,0,1,0,0,0,0,0,0
ERR1415630,1,0,1,0,0,1,0,1,0,1,1,1,0,1
ERR1415631,1,1,0,0,0,1,0,1,0,1,1,1,0,1
ERR1415632,1,1,1,0,0,0,0,1,0,0,1,0,0,0
ERR1415633,1,1,1,0,0,1,0,1,0,0,0,1,0,0
ERR1415635,0,0,0,0,0,0,0,1,0,0,0,0,0,0
ERR1415636,0,0,0,0,0,0,0,1,0,0,0,0,0,0
ERR1415637,1,1,1,0,0,1,0,1,0,0,0,1,0,0
ERR1415638,1,1,1,0,0,1,0,1,0,0,0,1,0,0
ERR1415639,1,1,0,0,0,1,0,1,0,1,0,0,0,0
ERR1415640,1,0,1,0,0,1,0,1,0,1,1,1,0,1
ERR1415642,0,0,0,0,0,0,0,1,0,0,0,0,0,0
ERR1415643,1,1,1,0,0,1,0,1,0,0,0,1,0,0
ERR1415644,1,0,1,0,0,1,0,1,0,1,1,1,0,1
ERR1415645,1,1,1,0,0,1,0,1,0,1,0,1,0,1
ERR1415647,1,1,1,0,0,1,0,1,0,0,0,1,0,0
ERR1415648,0,0,0,0,0,0,0,1,0,0,0,0,0,0
ERR1415649,1,1,1,0,0,1,0,1,0,0,0,1,0,0
ERR1415651,1,1,1,0,0,1,0,1,0,1,1,1,0,1
ERR1415652,1,1,1,0,0,1,0,1,0,0,0,1,0,0
ERR1415653,1,1,1,0,0,1,0,1,0,0,0,1,0,0
ERR1415657,1,1,1,0,0,1,0,1,0,0,0,1,0,0
ERR1415658,1,1,1,0,0,1,0,1,0,0,0,1,0,0
ERR1415659,1,1,1,0,0,1,0,1,0,0,0,1,0,0
ERR1415660,1,1,1,0,0,1,0,1,0,0,0,1,0,0
ERR1415661,1,1,1,0,0,1,0,1,0,1,1,0,0,1
ERR1415663,1,0,1,0,0,1,0,1,0,0,1,0,0,1
ERR1415665,1,1,1,0,0,1,0,1,0,1,1,1,0,0
ERR1415666,1,1,1,0,0,1,0,1,0,1,1,1,0,1
ERR1415668,1,1,1,0,0,1,0,1,0,1,1,1,0,0
ERR1415669,0,0,0,0,0,1,0,1,0,0,0,0,0,0
ERR1415670,1,0,0,0,0,0,0,1,0,0,0,0,0,0
ERR1415671,1,0,0,0,0,1,0,1,0,1,1,0,0,1
ERR1415672,1,0,0,0,0,1,0,1,0,1,1,1,0,1
ERR1415673,0,0,0,0,0,0,0,1,0,0,0,0,0,0
ERR1415674,1,1,0,0,0,1,0,1,0,0,1,0,0,0
ERR1415675,1,1,1,0,0,1,0,1,0,1,1,1,0,0
ERR1415677,1,1,1,0,0,1,0,1,0,1,1,1,0,1
ERR1415678,1,1,0,0,0,1,0,1,0,0,1,0,0,1
ERR1415680,1,0,1,0,0,1,0,1,0,1,1,1,0,1
ERR1415681,0,1,0,0,0,1,0,1,0,0,1,0,0,0
ERR1415682,1,0,0,0,0,0,0,1,0,0,1,1,0,1
ERR1415683,0,0,0,0,0,0,0,1,0,0,0,0,0,0
ERR1415684,1,1,1,0,0,1,0,1,0,1,1,1,0,0
ERR1415685,0,0,0,0,0,0,0,1,0,1,0,1,0,0
ERR1415687,0,0,0,0,0,0,0,1,0,0,0,0,0,0
ERR1415689,1,0,0,0,0,1,0,1,0,1,0,1,0,0
ERR1415692,1,0,1,0,0,1,0,1,0,1,1,1,0,0
ERR1415693,1,0,1,0,0,1,0,1,0,1,0,1,0,0
ERR1415699,1,0,1,0,0,1,0,1,0,1,1,1,0,1
ERR1415700,1,1,1,0,0,1,0,1,0,1,1,1,0,1
ERR1415704,0,0,0,0,0,0,0,1,0,0,0,0,0,0
ERR1415705,0,0,0,0,0,0,0,1,0,0,0,0,0,0
ERR1415706,1,1,1,0,0,1,0,1,0,1,1,0,0,1
ERR1415709,1,1,1,0,0,1,0,1,0,1,1,0,0,1
ERR1415710,0,0,0,0,0,0,0,1,0,0,0,0,0,0
ERR1415711,1,1,1,0,0,1,0,1,0,1,0,1,0,1
ERR1415712,1,1,1,0,0,1,0,1,0,0,1,0,0,1
ERR1415713,1,1,1,0,0,1,0,1,0,1,0,1,0,1
ERR1415714,1,0,1,0,0,0,0,1,0,1,0,0,0,1
ERR1415715,1,1,1,0,0,1,0,1,0,1,1,1,0,1
ERR1415716,1,0,0,0,0,0,0,1,0,1,1,1,0,0
ERR1415717,1,0,1,0,0,1,0,1,0,1,0,1,0,1
ERR1415718,1,1,1,0,0,1,0,1,0,1,1,1,0,1
ERR1415720,1,1,1,0,0,1,0,1,0,1,1,0,0,1
ERR1415723,1,0,1,0,0,1,0,1,0,1,0,1,0,1
ERR1415724,1,0,0,0,0,1,0,1,0,0,1,1,0,1
ERR1415726,1,1,1,0,0,1,0,1,0,1,1,1,0,1
ERR1415727,1,0,1,0,0,1,0,1,0,1,1,1,0,0
ERR1415728,0,0,0,0,0,0,0,1,0,0,0,0,0,0
ERR1415731,1,0,1,0,0,1,0,1,0,1,1,1,0,0
ERR1415732,0,0,0,0,0,0,0,1,0,0,0,0,0,0
ERR1415733,1,1,0,0,0,1,0,1,0,1,1,0,0,0
ERR1415734,1,1,0,0,0,1,0,1,0,0,1,0,0,1
ERR1415735,1,1,0,0,0,1,0,1,0,0,1,0,0,0
ERR1415737,1,1,1,0,0,1,0,1,0,0,1,0,0,1
ERR1415738,1,0,1,0,0,0,0,1,0,1,1,0,0,1
ERR1415739,1,0,0,0,0,1,0,0,0,0,1,1,0,0
ERR1415740,1,0,1,0,0,1,0,1,0,1,1,1,0,1
ERR1415741,1,1,0,0,0,1,0,1,0,1,1,1,0,1
ERR1415742,1,1,1,0,0,1,0,1,0,1,1,0,0,1
ERR1415744,1,0,0,0,0,0,0,1,0,0,1,1,0,1
ERR1415746,1,0,0,0,0,0,0,1,0,0,1,1,0,1
ERR1415747,1,1,0,0,0,1,0,1,0,1,1,0,0,0
ERR1415748,0,0,0,0,0,0,0,1,0,0,0,0,0,0
ERR1415749,1,0,1,0,0,0,0,1,0,1,0,0,0,1
ERR1415750,1,0,0,0,0,0,0,1,0,0,1,1,0,1
ERR1415751,1,1,0,0,1,1,0,1,0,1,1,1,0,1
ERR1415752,1,1,1,0,0,1,0,1,0,1,1,0,0,1
ERR1415754,1,0,1,0,0,1,0,1,0,1,1,1,0,1
ERR1415755,1,0,1,0,0,1,0,1,0,0,1,1,0,1
ERR1415756,1,0,1,0,0,1,0,1,1,1,1,1,0,1
ERR1415757,1,1,1,0,0,1,0,1,0,1,1,1,0,1
ERR1415758,1,1,1,0,1,1,0,1,0,1,1,1,0,1
ERR1415759,1,1,1,0,0,1,0,1,0,1,1,1,0,1
ERR1415761,1,1,1,0,0,1,0,1,0,0,1,0,0,1
ERR1415762,1,0,1,0,0,1,0,1,0,0,1,0,0,1
ERR1415763,1,1,1,0,0,1,0,1,0,1,1,1,0,1
ERR1415764,1,1,1,0,0,1,0,1,0,1,1,1,0,1
ERR1415765,1,1,1,0,0,1,0,1,0,1,1,1,0,1
ERR1415766,1,0,1,0,0,1,0,1,0,0,1,0,0,1
ERR1415768,1,1,1,0,0,1,0,1,0,1,1,1,0,1
ERR1415769,1,0,1,0,0,1,0,1,0,1,1,0,0,1
ERR1415770,1,0,1,0,0,1,0,1,0,1,1,1,0,0
ERR1415771,1,0,1,0,0,0,0,0,0,0,1,1,0,0
ERR1415773,1,1,1,0,1,1,0,1,0,1,1,0,0,1
ERR1415774,1,0,1,0,0,1,0,1,1,1,1,1,0,1
ERR1415775,1,1,1,0,0,1,0,1,0,1,1,1,0,1
ERR1415776,1,1,1,0,0,1,0,1,0,1,1,1,0,1
ERR1415777,1,0,1,0,0,1,0,1,0,1,1,1,0,1
ERR1415778,1,0,1,0,0,1,0,1,1,1,0,1,0,1
ERR1415779,1,1,1,0,0,1,0,1,0,0,1,0,0,1
ERR1415780,1,0,1,0,0,1,0,1,0,0,0,0,0,0
ERR1415781,1,1,1,0,0,1,0,1,0,1,1,1,0,1
ERR1415782,1,1,1,0,0,1,0,1,0,1,1,1,0,1
ERR1415784,1,0,0,0,0,1,0,1,0,1,0,0,0,1
ERR1415785,1,1,1,0,0,1,0,1,0,1,1,1,0,1
ERR1415786,1,0,1,0,0,1,0,1,0,1,1,1,0,1
ERR1415789,1,0,1,0,0,1,0,1,0,1,1,1,0,1
ERR1415798,1,0,1,0,0,1,0,1,1,1,1,0,0,1
ERR1415799,1,1,1,0,0,1,0,1,0,1,1,1,0,1
ERR1415802,1,0,1,0,0,1,0,1,1,1,1,0,0,1
ERR1415804,1,0,1,0,0,0,0,1,0,1,0,0,0,1
ERR1415805,1,0,1,0,0,0,0,1,0,1,0,0,0,1
ERR1415806,1,1,1,0,0,1,0,1,0,1,0,1,0,1
ERR1415807,1,1,1,0,0,1,0,1,0,1,0,1,0,1
ERR1415809,1,1,1,0,0,1,0,1,0,1,0,1,0,1
ERR1415813,1,1,1,0,0,1,0,1,0,1,0,1,0,1
ERR1415814,1,1,1,0,0,1,0,1,1,1,1,0,0,1
ERR1415819,1,0,1,0,0,1,0,1,1,1,1,0,0,1
ERR1415820,1,1,1,0,0,1,0,1,0,1,1,0,0,1
ERR1415824,1,1,0,0,0,1,0,1,0,1,1,1,0,1
ERR1514846,0,0,0,0,0,0,0,1,0,0,0,0,0,0
ERR1514848,0,0,0,0,0,0,0,1,0,0,0,0,0,0
ERR1514849,1,1,0,0,0,1,0,1,0,0,1,0,0,1
ERR1514850,1,0,0,0,0,1,0,1,0,1,1,1,0,0
ERR1514851,0,0,0,0,0,0,0,1,0,0,0,0,0,0
ERR1514852,0,0,0,0,0,0,0,1,0,0,0,0,0,1
ERR1514854,1,0,0,0,0,0,0,1,0,0,0,0,0,0
ERR1514855,1,0,1,0,0,1,0,1,0,1,0,0,0,1
ERR1514857,0,0,0,0,0,0,0,1,0,0,0,0,0,0
ERR1514858,0,0,0,0,0,0,0,1,1,0,0,0,0,0
ERR1514859,1,0,1,0,0,1,0,1,0,1,1,0,0,1
ERR1514860,1,0,1,0,0,1,0,1,0,1,1,1,0,1
ERR1514862,1,0,1,0,0,1,0,1,0,1,1,1,0,1
ERR1514864,0,0,0,0,1,0,0,1,0,0,0,0,0,1
ERR1514865,0,0,0,0,0,0,0,1,0,0,0,0,0,0
ERR1514866,0,0,0,0,0,1,0,1,0,0,1,1,0,1
ERR1514867,0,0,0,0,0,0,0,1,0,0,0,0,0,0
ERR1514870,0,0,0,0,0,0,0,1,0,0,0,0,0,0
ERR1514871,1,1,1,0,0,1,0,1,0,1,1,1,0,1
ERR1514872,0,0,0,0,0,0,0,1,0,0,0,0,0,0
ERR1514873,0,0,0,0,0,0,0,1,0,0,0,0,0,0
ERR1514874,1,1,1,0,0,1,0,1,0,0,0,0,0,0
ERR1514876,0,0,0,0,0,0,0,0,0,0,0,0,0,0
ERR1514877,1,1,0,0,0,1,0,1,0,0,1,1,0,1
ERR1514882,1,0,1,0,0,1,0,1,0,1,1,1,0,1
ERR1514884,1,1,1,0,0,1,0,1,0,1,1,0,0,1
ERR1514886,1,0,1,0,0,1,0,1,0,0,1,1,0,1
ERR1514887,1,1,0,0,0,1,0,1,0,0,1,0,0,1
ERR1514890,1,1,0,0,0,1,0,1,0,0,1,0,0,1
ERR1514892,1,1,0,0,0,1,0,1,0,1,1,1,0,1
ERR1514893,1,1,0,0,0,1,0,1,0,1,1,1,0,1
ERR1514895,1,1,0,0,0,1,0,1,0,1,1,0,0,1
ERR1514896,1,1,1,0,0,1,0,1,0,1,1,1,0,1
ERR1514897,1,0,1,0,0,1,0,1,0,0,0,0,0,0
ERR1514898,1,1,1,0,0,1,0,1,0,1,0,1,0,1
ERR1514899,0,1,0,0,0,0,0,1,1,0,0,0,0,0
ERR1514901,1,1,1,0,0,1,0,1,0,1,1,1,0,1
ERR1514902,0,1,0,0,0,0,0,1,1,0,0,0,0,0
ERR1514903,1,1,0,0,0,1,0,1,1,0,1,0,0,1
ERR1514904,1,1,0,0,0,1,0,1,1,0,1,0,0,1
ERR1514905,1,1,0,0,0,1,0,1,0,1,1,1,0,1
ERR1514906,1,0,0,0,0,0,0,1,0,0,0,0,0,0
ERR1514909,1,1,1,0,0,1,0,1,0,1,1,0,0,1
ERR1514911,0,0,0,0,0,0,0,1,0,0,0,0,0,0
ERR1514912,1,1,0,0,0,1,0,1,0,0,1,0,0,0
ERR1514913,1,1,1,0,0,1,0,1,0,1,1,0,0,0
ERR1514914,1,1,0,0,0,1,0,1,0,1,1,1,0,1
ERR1514918,1,1,1,0,0,1,0,1,0,1,1,1,0,1
ERR1514920,1,1,1,0,0,1,0,1,0,1,1,1,0,1
ERR1514921,1,1,0,0,0,1,0,1,0,1,1,0,0,1
ERR1514923,1,0,1,0,0,1,0,1,0,1,1,0,0,1
ERR1514924,1,1,0,0,0,1,0,1,0,1,0,1,0,1
ERR1514925,1,0,1,0,0,1,0,1,1,1,1,0,0,1
ERR1514926,1,1,1,0,0,1,0,1,1,1,1,0,0,1
ERR1514927,1,1,1,0,0,1,0,1,0,1,1,1,0,1
ERR1514928,0,0,0,0,0,0,0,1,0,0,0,0,0,0
ERR1514929,1,0,0,0,0,0,0,1,0,0,1,1,0,0
ERR1514934,1,0,1,0,0,1,0,1,0,1,1,1,0,1
ERR1514940,1,0,1,0,0,1,0,1,0,1,1,1,0,0
ERR1514944,1,1,1,0,0,1,0,1,0,1,1,1,0,1
ERR1514950,1,1,1,0,0,1,0,1,0,0,0,0,0,0
ERR1514951,1,1,1,0,0,1,0,1,0,1,1,1,0,1
ERR1514952,1,0,1,0,0,0,0,1,0,1,0,1,0,0
ERR1514955,0,1,0,0,0,0,0,1,0,0,0,0,0,0
ERR1514959,1,1,1,0,0,0,0,1,0,1,0,1,0,0
ERR1514960,1,0,1,0,0,1,0,1,0,1,1,0,0,1
ERR1514961,1,1,1,0,0,1,0,1,0,1,1,0,0,1
ERR1514964,1,0,1,0,0,1,0,1,0,0,1,1,0,1
ERR1514966,1,1,0,0,0,1,0,1,0,1,1,0,0,1
ERR1514971,1,0,1,0,0,1,0,1,0,0,1,1,0,1
ERR1514973,0,1,0,0,0,0,0,0,0,0,0,0,0,0
ERR1514982,0,0,0,0,0,0,0,1,0,0,0,0,0,0
ERR1514984,1,0,1,0,0,1,0,1,0,1,1,0,0,1
ERR1514985,0,0,0,0,0,0,0,1,0,0,0,0,0,0
ERR1514990,1,0,1,0,0,1,0,1,0,1,1,1,0,1
ERR1514993,1,0,1,0,0,1,0,1,0,1,1,1,0,1
ERR1514996,1,0,1,0,0,1,0,1,0,1,1,1,0,1
ERR1514997,1,0,1,0,0,1,0,1,0,1,1,1,0,1
ERR1514998,1,0,1,0,0,1,0,1,0,1,1,1,0,1
ERR1514999,1,0,1,0,0,1,0,1,0,1,1,1,0,1
ERR1515000,1,0,1,0,0,1,0,1,0,1,1,1,0,1
ERR1515001,1,0,1,0,0,1,0,1,0,1,1,1,0,1
ERR1515002,1,0,1,0,0,1,0,1,0,1,1,1,0,1
ERR1515003,0,0,0,0,0,0,0,1,0,0,0,0,0,0
ERR1541259,1,0,1,0,0,0,0,1,0,1,1,0,0,1
ERR1541260,1,1,1,0,0,1,0,1,0,1,1,0,0,1
ERR1541261,1,1,1,0,0,1,0,1,0,1,1,1,0,1
ERR1541262,0,1,0,0,0,0,0,1,0,0,0,0,0,0
ERR1541263,1,1,0,0,1,1,0,1,0,0,1,0,0,0
ERR1541264,1,1,1,0,1,1,0,1,0,0,1,0,0,1
ERR1541265,1,1,1,0,0,0,0,1,0,0,1,0,0,1
ERR1541266,1,1,1,0,0,1,0,1,0,1,1,0,0,1
ERR1541277,1,0,1,0,0,1,0,1,0,1,1,1,0,1
ERR1541281,1,1,1,0,0,1,0,1,0,1,0,1,0,1
ERR1541282,1,1,0,0,0,1,0,1,0,1,1,0,0,1
ERR1541284,1,1,1,0,0,1,0,1,0,1,0,1,0,1
ERR1541286,1,1,1,0,0,0,0,1,0,0,1,0,0,0
ERR1541288,1,1,0,0,0,1,0,1,0,1,1,0,0,1
ERR1541290,0,0,0,0,0,0,0,1,0,0,0,0,0,0
ERR1541291,0,0,0,0,0,0,0,1,0,0,0,0,0,0
ERR1541292,0,0,0,0,0,0,0,1,0,0,0,0,0,0
ERR1541293,1,0,1,0,0,0,0,1,0,0,1,0,0,1
ERR1541294,1,0,1,0,0,0,0,1,0,0,1,1,0,1
ERR1541296,0,0,0,0,0,0,0,1,0,0,0,0,0,0
ERR1541297,1,0,1,0,0,1,0,1,0,1,1,1,0,1
ERR1541304,1,1,1,0,0,1,0,1,0,1,1,0,0,0
ERR1541305,1,1,1,0,0,1,0,1,0,1,1,0,0,0
ERR1541307,1,1,1,0,0,1,0,1,0,1,0,0,0,0
ERR1541309,1,0,0,0,0,0,0,1,0,0,0,0,0,0
ERR1541314,0,0,0,0,0,0,0,1,0,0,0,0,0,0
ERR1541315,0,0,0,0,0,0,0,1,0,0,0,0,0,0
ERR1541317,0,1,0,0,0,0,0,1,0,0,0,0,0,0
ERR1541318,1,0,1,0,0,1,0,1,0,1,1,1,0,1
ERR1541319,1,1,1,0,0,0,0,1,0,0,1,0,0,1
ERR1541320,1,1,1,0,0,1,0,1,0,1,1,1,0,1
ERR1541322,1,1,1,0,0,1,0,1,0,1,1,0,0,0
ERR1541324,0,1,0,0,0,0,0,0,0,0,1,1,0,1
ERR1541325,1,1,1,0,0,1,0,1,0,1,1,0,0,0
ERR1541327,1,1,1,0,0,1,0,1,0,1,1,1,0,1
ERR1541329,1,1,1,0,0,1,0,1,0,1,1,0,0,1
ERR1541330,1,1,0,0,0,1,0,1,0,1,1,1,0,1
ERR1541331,1,1,1,0,1,1,0,1,0,1,1,0,0,1
ERR1541332,1,1,1,0,0,1,0,1,0,1,1,1,0,1
ERR1541333,1,1,1,0,0,1,0,1,0,1,0,0,0,0
ERR1541334,1,1,1,0,0,1,0,1,0,1,1,0,0,1
ERR1541335,1,1,0,0,0,1,0,1,0,0,0,0,0,0
ERR1541336,1,1,1,0,0,1,0,1,0,1,1,0,0,1
ERR1541339,0,0,0,0,0,0,0,1,0,0,0,0,0,0
ERR1541342,0,1,1,0,0,0,0,1,0,0,0,0,0,0
ERR1541343,0,0,0,0,0,0,0,1,0,0,0,0,0,0
ERR1541344,0,0,0,0,0,0,0,1,0,0,0,0,0,0
ERR1541345,0,0,0,0,0,0,0,1,0,0,0,0,0,0
ERR1541347,0,0,0,0,0,0,0,1,0,0,0,0,0,0
ERR1541348,0,0,0,0,0,0,0,1,0,0,0,0,0,0
ERR1541349,1,1,1,0,0,1,0,1,0,1,1,1,0,1
ERR1541351,1,1,1,0,0,1,0,1,0,1,1,1,0,1
ERR1541352,1,1,1,0,0,1,0,1,0,1,0,1,0,1
ERR1541353,1,1,1,0,0,1,0,1,0,1,1,1,0,1
ERR1541354,1,1,1,0,0,1,0,1,0,1,1,1,0,1
ERR1541357,0,0,0,0,0,0,0,1,0,0,0,0,0,0
ERR1541358,1,0,0,0,0,0,0,1,0,0,1,0,0,1
ERR1541360,1,1,1,0,0,1,0,1,0,1,1,1,0,0
ERR1541362,1,0,0,0,0,0,0,1,0,0,1,0,0,0
ERR1541367,1,1,1,0,0,1,0,1,0,1,1,1,0,1
ERR1541371,0,0,0,0,0,0,0,1,0,1,0,0,0,0
ERR1541376,1,1,1,0,0,1,0,1,0,1,1,1,0,1
ERR1541380,1,1,1,0,0,1,0,1,0,0,1,1,0,1
ERR1541384,1,1,1,0,0,1,0,1,0,1,1,1,0,1
ERR1541385,1,1,0,0,0,1,0,1,0,0,0,0,0,0
ERR1541392,1,1,1,0,0,1,0,1,0,1,1,1,0,1
ERR1541401,1,1,0,0,1,1,0,1,0,1,1,1,0,1
ERR1541402,0,0,0,0,0,0,0,1,0,0,0,0,0,0
ERR1541403,1,0,1,0,0,1,0,1,0,1,1,1,0,1
ERR1541407,1,1,1,0,0,1,0,1,0,1,1,1,0,0
ERR1541408,1,0,1,0,0,1,0,1,0,1,1,1,0,1
ERR1541409,1,1,1,0,0,1,0,1,0,1,1,1,0,0
ERR1541410,1,0,0,0,0,0,0,1,0,1,1,0,0,1
ERR1541411,0,0,1,0,0,0,0,1,0,0,0,0,0,1
ERR1541412,1,1,1,0,0,1,0,1,0,1,1,1,0,1
ERR1541414,1,1,1,0,1,1,0,1,0,0,1,0,0,0
ERR1541418,0,0,0,0,0,0,0,1,0,0,0,0,0,0
ERR1541420,0,0,0,0,0,0,0,1,0,0,0,0,0,0
ERR1541424,1,0,0,0,0,1,0,1,0,0,1,1,0,0
ERR1541425,1,0,0,0,0,0,0,0,0,0,1,0,0,0
ERR1541427,0,0,0,0,0,0,0,1,0,0,0,0,0,0
ERR1541429,1,1,0,0,0,0,0,1,0,0,1,1,0,1
ERR1541430,1,1,1,0,0,0,0,1,0,0,1,1,0,0
ERR1541431,1,1,1,0,0,1,0,1,0,1,1,1,0,1
ERR1541432,1,1,1,0,0,1,0,1,0,1,1,0,0,1
ERR1541434,1,1,1,0,0,1,0,1,0,1,0,1,0,1
ERR1541435,1,1,1,0,0,1,0,1,0,1,1,0,0,1
ERR1541436,1,1,0,0,0,0,0,1,0,0,1,0,0,1
ERR1541437,1,0,0,0,0,0,0,1,0,0,1,1,0,1
ERR1541438,0,0,0,0,0,0,0,1,0,0,0,0,0,0
ERR1541440,0,0,0,0,0,0,0,1,0,0,0,0,0,0
ERR1541441,0,0,0,0,0,0,0,1,0,0,0,0,0,0
ERR1541442,0,0,0,0,0,1,0,1,0,1,1,1,0,0
ERR1541443,1,0,1,0,0,1,0,1,0,0,1,0,0,1
ERR1541444,0,0,0,0,0,0,0,1,0,0,0,0,0,0
ERR1541445,1,1,1,0,0,1,0,1,0,1,1,1,0,1
ERR1541446,1,1,0,0,1,1,0,1,0,0,1,1,0,1
ERR1541447,1,1,0,0,1,1,0,1,0,0,1,1,0,1
ERR1541448,1,1,1,0,1,1,0,1,0,0,1,1,0,1
ERR1541449,1,1,0,0,1,1,0,1,0,0,1,1,0,1
ERR1541450,1,1,0,0,1,1,0,1,0,0,1,1,0,1
ERR1541452,1,1,1,0,1,1,0,1,0,1,0,1,0,1
ERR1541453,1,1,1,0,1,1,0,1,0,1,1,1,0,1
ERR1541454,1,1,1,0,0,1,0,1,0,1,1,1,0,1
ERR1541455,0,0,0,0,0,0,0,1,0,0,0,0,0,0
ERR1541456,1,0,0,0,0,0,0,1,0,0,0,0,0,0
ERR1541459,1,0,1,0,0,1,0,1,0,1,1,1,0,1
ERR1541461,0,0,0,0,0,0,0,1,0,0,0,0,0,0
ERR1541464,1,0,1,0,0,1,0,1,0,1,1,0,0,1
ERR1541465,1,1,1,0,1,1,0,1,0,1,0,1,0,1
ERR1541469,1,1,1,0,0,1,0,1,0,1,1,1,0,1
ERR1541470,0,1,0,0,0,0,0,1,0,0,0,0,0,0
ERR1541471,1,1,1,0,0,1,0,1,0,1,0,1,0,1
ERR1541472,0,0,0,0,0,0,0,1,0,0,0,0,0,0
ERR1541473,1,1,1,0,0,1,0,1,0,1,1,1,0,1
ERR1541474,0,0,0,0,0,0,0,1,0,0,0,0,0,0
ERR1541477,1,1,1,0,0,1,0,1,0,1,1,1,0,1
ERR1541478,0,0,0,0,0,0,0,1,0,0,0,1,0,0
ERR1541479,0,0,0,0,0,0,0,1,0,0,0,0,0,0
ERR1541480,1,1,1,0,0,1,0,1,0,1,1,1,0,1
ERR1541481,1,1,1,0,0,1,0,1,0,1,1,1,0,1
ERR1541483,0,0,0,0,0,0,0,1,0,0,0,0,0,0
ERR1541484,1,1,1,0,0,1,0,1,0,0,1,1,0,1
ERR1541485,1,1,1,0,0,1,0,1,0,0,1,1,0,1
ERR1541491,1,1,1,0,0,1,0,1,0,1,1,1,0,1
ERR1541492,1,1,1,0,0,1,0,1,0,1,1,1,0,1
ERR1541493,1,0,1,0,0,0,0,1,0,1,1,1,0,1
ERR1541494,1,0,0,0,0,0,0,1,0,0,0,0,0,0
ERR1541499,0,0,0,0,0,0,0,1,0,0,0,1,0,0
ERR1541502,0,0,0,0,0,0,0,1,0,0,0,1,0,0
ERR1541503,0,1,0,0,0,0,0,1,0,0,0,0,0,0
ERR1541504,1,1,1,0,0,1,0,1,0,1,1,1,0,1
ERR1541506,1,0,1,0,0,1,0,1,0,1,1,1,0,1
ERR1541507,1,0,0,0,0,1,0,1,0,1,1,1,0,0
ERR1541508,0,0,0,0,0,0,0,1,0,0,0,0,0,0
ERR1541509,1,1,1,0,0,1,0,1,0,1,0,0,0,1
ERR1541510,1,1,1,0,0,1,0,1,0,1,1,1,0,1
ERR1541511,1,1,1,0,0,1,0,1,0,0,1,0,0,0
ERR1541512,1,1,1,0,0,1,0,1,0,1,0,1,0,1
ERR1541513,1,1,1,0,0,1,0,1,0,1,0,1,0,1
ERR1541516,1,1,1,0,0,1,0,1,0,1,1,1,0,1
ERR1541517,1,0,0,0,0,1,0,1,0,0,1,0,0,1
ERR1541518,0,0,0,0,0,0,0,1,0,0,0,0,0,0
ERR1541519,0,0,0,0,0,0,0,0,0,0,0,1,0,0
ERR1541520,1,0,1,0,0,1,0,1,0,0,1,1,0,1
ERR1541521,1,0,0,0,0,0,0,1,0,0,0,0,0,0
ERR1541525,1,1,1,0,0,1,0,1,0,1,0,1,0,1
ERR1541536,0,0,0,0,0,0,0,1,0,0,0,0,0,0
ERR1541537,0,0,0,0,0,0,0,1,0,0,0,0,0,0
ERR1541538,0,0,0,0,0,0,0,1,0,0,0,0,0,0
ERR1541539,1,1,0,0,0,0,0,1,0,0,1,0,0,1
ERR1541540,0,0,1,0,0,0,0,1,0,0,0,0,0,1
ERR1541541,0,0,0,0,0,0,0,1,0,0,0,0,0,0
ERR1541542,0,0,0,0,0,0,0,0,0,0,0,0,0,0
ERR1541543,1,1,1,0,0,1,0,1,0,1,1,0,0,1
ERR1541544,1,0,1,0,0,1,0,1,0,1,1,0,0,1
ERR1541545,1,0,0,0,0,0,0,1,0,1,0,1,0,1
ERR1541546,1,0,1,0,0,1,0,1,0,1,1,0,0,1
ERR1541547,1,0,1,0,0,1,0,1,0,1,1,0,0,1
ERR1541548,1,0,0,0,0,1,0,1,0,1,1,1,0,1
ERR1541549,1,1,1,0,0,1,0,1,0,1,1,0,0,1
ERR1541550,1,1,1,0,0,1,0,1,0,1,1,0,0,1
ERR1541551,1,1,0,0,0,1,0,1,0,1,1,0,0,1
ERR1541553,1,1,1,0,0,1,0,1,0,1,1,1,0,0
ERR1541554,1,1,1,0,0,1,0,1,0,0,1,0,0,1
ERR1541555,1,1,1,0,0,1,0,1,0,1,1,1,0,1
ERR1541556,1,0,0,0,0,1,0,1,0,1,1,1,0,0
ERR1541557,1,0,1,0,0,1,0,1,0,1,1,1,0,1
ERR1541559,1,0,0,0,0,1,0,1,0,1,1,1,0,0
ERR1541562,1,0,1,0,0,0,0,1,0,0,1,0,0,1
ERR1541563,1,1,1,0,0,1,0,1,0,0,0,0,0,0
ERR1541564,1,1,0,0,0,1,0,1,0,0,1,0,0,0
ERR1541565,1,1,1,0,0,1,0,1,0,1,1,0,0,1
ERR1541566,0,0,0,0,0,1,0,1,0,0,0,0,0,0
ERR1541567,1,1,0,0,0,1,0,1,0,0,1,0,0,0
ERR1541568,1,1,0,0,0,1,0,1,0,1,1,0,0,1
ERR1541569,0,0,0,0,0,0,0,1,0,0,0,0,0,0
ERR1541570,1,1,0,0,1,1,0,1,0,0,0,0,0,0
ERR1541571,0,0,0,0,0,0,0,1,0,0,0,0,0,0
