st	n	dominant_pathovar	pct_dominant_pathovar	species_code	dominant_l3	pct_dominant_l3	proposed_alias
ST152	30350	Shigella sonnei	99.8	Ss	0-2-0	99.8	Ss ST152
ST245	20150	Shigella flexneri	99.9	Sf	0-3-0	100.0	Sf ST245
ST10	9156	-	92.5	-	0-0-0	98.6	- ST10
ST131	8890	-	99.9	-	0-4-0	99.3	- ST131
ST11	6677	EHEC	96.5	EHEC	0-5-0	96.4	EHEC ST11
ST21	4137	EHEC	95.5	EHEC	0-0-1	97.1	EHEC ST21
ST17	3053	EHEC	97.6	EHEC	0-0-2	97.8	EHEC ST17
ST69	2356	-	98.7	-	0-0-3	98.9	- ST69
ST38	2145	-	99.5	-	0-0-5	99.7	- ST38
ST73	1985	-	99.9	-	0-1-0	98.1	- ST73
ST95	1842	-	99.9	-	0-1-1	99.0	- ST95
ST16	1705	EHEC	99.3	EHEC	0-0-1	96.3	EHEC ST16
ST93	1556	-	99.7	-	0-0-0	99.4	- ST93
ST145	1481	Shigella flexneri	70.0	Sf	0-6-0	99.8	Sf ST145
ST58	1188	-	95.4	-	0-0-0	99.7	- ST58
ST1193	1130	-	99.9	-	0-1-2	99.8	- ST1193
ST648	1092	-	99.9	-	0-8-0	98.2	- ST648
ST410	1063	-	98.9	-	0-0-0	99.3	- ST410
ST117	1057	-	97.3	-	0-0-6	98.8	- ST117
ST167	963	-	99.9	-	0-0-0	99.8	- ST167
ST155	950	-	92.9	-	0-0-0	99.6	- ST155
ST405	927	-	100.0	-	0-0-9	98.7	- ST405
ST48	813	-	94.5	-	0-0-0	99.5	- ST48
ST32	803	EHEC	95.9	EHEC	0-7-0	97.6	EHEC ST32
ST23	777	-	90.5	-	0-0-0	99.1	- ST23
ST12	728	-	100.0	-	0-1-3	98.8	- ST12
ST101	694	-	84.1	-	0-0-0	98.4	- ST101
ST88	684	-	90.8	-	0-0-0	99.0	- ST88
ST655	684	EHEC	97.2	EHEC	0-0-4	96.1	EHEC ST655
ST127	621	-	100.0	-	0-1-4	98.7	- ST127
ST243	560	Shigella boydii	97.3	Sb	0-6-0	98.6	Sb ST243
ST1025	537	Shigella flexneri	100.0	Sf	0-3-0	100.0	Sf ST1025
ST162	520	-	91.7	-	0-0-0	100.0	- ST162
ST46	461	-	97.6	-	0-0-0	99.6	- ST46
ST442	461	STEC	80.9	STEC	0-0-0	99.8	STEC ST442
ST6	443	EIEC	100.0	EIEC	0-0-0	96.8	EIEC ST6
ST617	441	-	99.8	-	0-0-0	98.0	- ST617
ST744	413	-	100.0	-	0-0-0	98.1	- ST744
ST354	410	-	100.0	-	0-0-12	99.0	- ST354
ST29	380	EPEC	51.3	EPEC	0-0-1	98.7	EPEC ST29
ST630	367	Shigella flexneri	100.0	Sf	0-3-0	99.7	Sf ST630
ST141	364	-	96.4	-	0-1-5	99.2	- ST141
ST156	358	-	98.0	-	0-0-0	98.3	- ST156
ST148	357	Shigella dysenteriae	99.4	Sd	0-6-1	99.7	Sd ST148
ST3	352	EPEC	99.7	EPEC	0-0-2	99.4	EPEC ST3
ST1967	348	EHEC	100.0	EHEC	0-0-2	94.3	EHEC ST1967
ST224	345	-	96.5	-	0-0-0	100.0	- ST224
ST349	334	-	97.3	-	0-13-0	100.0	- ST349
ST44	331	-	100.0	-	0-0-0	98.2	- ST44
ST146	327	Shigella dysenteriae	100.0	Sd	0-36-0	100.0	Sd ST146
ST443	308	-	47.4	-	0-0-0	95.5	- ST443
ST33	303	STEC	100.0	STEC	0-0-11	100.0	STEC ST33
ST301	299	EHEC	76.3	EHEC	0-0-0	99.0	EHEC ST301
ST34	287	-	73.9	-	0-0-0	99.7	- ST34
ST1060	275	-	99.3	-	0-0-0	92.7	- ST1060
ST206	275	-	84.4	-	0-0-0	98.9	- ST206
ST457	267	-	100.0	-	0-0-18	98.5	- ST457
ST361	265	-	99.6	-	0-0-0	100.0	- ST361
ST641	256	-	86.7	-	0-0-0	98.4	- ST641
ST342	253	EHEC	93.3	EHEC	0-0-7	97.6	EHEC ST342
ST59	251	-	99.2	-	0-11-0	98.0	- ST59
ST372	241	-	100.0	-	0-1-8	98.8	- ST372
ST297	239	-	76.2	-	0-0-0	99.6	- ST297
ST602	234	-	96.2	-	0-0-0	98.7	- ST602
ST583	234	EPEC	99.6	EPEC	0-9-0	97.4	EPEC ST583
ST394	230	-	96.5	-	0-0-3	99.6	- ST394
ST636	227	-	100.0	-	0-1-16	99.6	- ST636
ST542	220	-	97.7	-	0-0-0	97.7	- ST542
ST1722	205	-	100.0	-	0-0-18	100.0	- ST1722
ST453	203	-	96.6	-	0-0-0	99.0	- ST453
ST398	199	-	85.9	-	0-0-0	99.0	- ST398
ST746	192	-	99.5	-	0-0-0	99.0	- ST746
ST226	191	-	97.9	-	0-0-0	100.0	- ST226
ST428	188	-	100.0	-	0-4-1	99.5	- ST428
ST40	188	EPEC	46.8	EPEC	0-0-0	97.9	EPEC ST40
ST628	187	Shigella flexneri	100.0	Sf	0-3-0	98.9	Sf ST628
ST25	186	STEC	95.7	STEC	0-0-0	99.5	STEC ST25
ST393	175	-	100.0	-	0-0-3	96.6	- ST393
ST6200	175	Shigella flexneri	100.0	Sf	0-3-0	100.0	Sf ST6200
ST404	175	-	97.7	-	0-1-2	98.3	- ST404
ST448	174	-	93.7	-	0-0-0	99.4	- ST448
ST517	171	EPEC	78.4	EPEC	0-0-0	95.9	EPEC ST517
ST57	169	-	83.4	-	0-0-15	98.8	- ST57
ST295	167	-	67.7	-	0-0-0	100.0	- ST295
ST1011	164	-	100.0	-	0-0-0	100.0	- ST1011
ST300	162	EHEC	88.3	EHEC	0-0-8	93.8	EHEC ST300
ST540	162	-	93.2	-	0-0-0	100.0	- ST540
ST345	160	-	100.0	-	0-0-0	98.8	- ST345
ST675	158	STEC	97.5	STEC	0-0-0	98.7	STEC ST675
ST2325	157	-	100.0	-	0-0-0	94.3	- ST2325
ST62	154	-	100.0	-	0-14-0	98.7	- ST62
ST4	150	ETEC	91.3	ETEC	0-0-0	98.0	ETEC ST4
ST19	147	EPEC	100.0	EPEC	0-10-1	99.3	EPEC ST19
ST4981	145	-	100.0	-	0-0-0	100.0	- ST4981
ST1196	143	-	97.9	-	0-0-0	97.2	- ST1196
ST429	142	-	100.0	-	0-4-1	100.0	- ST429
ST28	142	EPEC	99.3	EPEC	0-1-6	95.1	EPEC ST28
ST-829	141	-	100.0	-	0-0-0	100.0	- ST-829
ST7384	139	Shigella flexneri	100.0	Sf	0-3-0	100.0	Sf ST7384
ST270	138	EIEC	100.0	EIEC	0-0-17	98.6	EIEC ST270
ST154	136	-	79.4	-	0-0-0	98.5	- ST154
ST3580	136	-	100.0	-	0-0-0	100.0	- ST3580
ST14	136	-	100.0	-	0-1-2	99.3	- ST14
ST1503	135	Shigella sonnei	100.0	Ss	0-2-0	100.0	Ss ST1503
ST5288	134	Shigella flexneri	100.0	Sf	0-3-0	100.0	Sf ST5288
ST165	133	-	83.5	-	0-0-0	95.5	- ST165
ST998	133	-	97.7	-	0-1-5	100.0	- ST998
ST99	133	EIEC	92.5	EIEC	0-0-0	94.7	EIEC ST99
ST306	132	EHEC	99.2	EHEC	0-0-8	98.5	EHEC ST306
ST80	132	-	98.5	-	0-1-2	98.5	- ST80
ST216	131	-	99.2	-	0-0-0	100.0	- ST216
ST31	130	-	100.0	-	0-0-3	100.0	- ST31
ST90	130	-	76.2	-	0-0-0	98.5	- ST90
ST3489	129	-	100.0	-	0-0-0	100.0	- ST3489
ST355	129	-	100.0	-	0-1-11	100.0	- ST355
ST5517	128	Shigella sonnei	100.0	Ss	0-2-0	100.0	Ss ST5517
ST2178	127	-	85.8	-	0-0-0	100.0	- ST2178
ST56	126	-	61.9	-	0-0-0	96.8	- ST56
ST450	126	-	100.0	-	0-0-0	100.0	- ST450
ST1611	123	-	89.4	-	0-0-0	95.9	- ST1611
ST906	120	-	90.8	-	0-0-0	99.2	- ST906
ST362	120	-	98.3	-	0-0-26	100.0	- ST362
ST119	120	EHEC	96.7	EHEC	0-0-7	80.8	EHEC ST119
ST1079	119	-	99.2	-	0-0-0	93.3	- ST1079
ST1312	119	-	82.4	-	0-0-0	96.6	- ST1312
ST43	118	-	82.2	-	0-0-0	100.0	- ST43
ST20	118	EPEC	94.1	EPEC	0-0-2	98.3	EPEC ST20
ST252	118	Shigella dysenteriae	100.0	Sd	0-6-1	100.0	Sd ST252
ST752	117	EPEC	100.0	EPEC	0-0-0	96.6	EPEC ST752
ST399	117	-	100.0	-	0-0-0	74.4	- ST399
ST200	115	-	68.7	-	0-0-0	100.0	- ST200
ST182	114	ETEC	83.3	ETEC	0-15-0	98.2	ETEC ST182
ST1502	114	Shigella sonnei	100.0	Ss	0-2-0	98.2	Ss ST1502
ST189	114	EPEC	52.6	EPEC	0-0-0	99.1	EPEC ST189
ST9148	113	Shigella flexneri	100.0	Sf	0-3-0	100.0	Sf ST9148
ST1284	113	-	100.0	-	0-0-0	99.1	- ST1284
ST2179	112	-	100.0	-	0-0-0	99.1	- ST2179
ST278	111	-	85.6	-	0-0-0	100.0	- ST278
ST288	111	Shigella dysenteriae	100.0	Sd	0-12-0	100.0	Sd ST288
ST401	111	-	100.0	-	0-0-0	99.1	- ST401
ST1792	111	EHEC	100.0	EHEC	0-0-1	95.5	EHEC ST1792
ST1485	110	-	100.0	-	0-8-0	99.1	- ST1485
ST17559	110	-	100.0	-	0-1-18	100.0	- ST17559
ST205	109	STEC	47.7	STEC	0-0-0	100.0	STEC ST205
ST940	109	-	85.3	-	0-0-0	99.1	- ST940
ST173	108	ETEC	37.0	ETEC	0-0-10	92.6	ETEC ST173
ST13	108	STEC	63.0	STEC	0-0-21	99.1	STEC ST13
ST135	107	-	100.0	-	0-1-13	100.0	- ST135
ST11389	107	Shigella flexneri	100.0	Sf	0-3-0	100.0	Sf ST11389
ST357	102	-	100.0	-	0-4-1	96.1	- ST357
ST569	101	-	100.0	-	0-1-9	100.0	- ST569
ST343	101	EHEC	88.1	EHEC	0-0-8	97.0	EHEC ST343
ST421	100	-	100.0	-	0-1-1	99.0	- ST421
ST409	99	-	99.0	-	0-0-0	100.0	- ST409
ST144	99	-	99.0	-	0-1-7	99.0	- ST144
ST1431	97	-	93.8	-	0-0-0	100.0	- ST1431
ST212	95	-	100.0	-	0-0-0	100.0	- ST212
ST335	94	EHEC	51.1	EHEC	0-5-0	98.9	EHEC ST335
ST6452	94	-	100.0	-	0-0-0	100.0	- ST6452
ST2705	93	-	100.0	-	0-0-0	98.9	- ST2705
ST5475	93	Shigella boydii	100.0	Sb	0-6-0	100.0	Sb ST5475
ST3595	93	-	100.0	-	0-0-0	100.0	- ST3595
ST1421	93	-	97.8	-	0-0-0	98.9	- ST1421
ST218	93	-	96.8	-	0-0-0	100.0	- ST218
ST515	92	-	75.0	-	0-0-23	100.0	- ST515
ST223	92	STEC	70.7	STEC	0-0-0	100.0	STEC ST223
ST681	91	-	100.0	-	0-1-10	100.0	- ST681
ST130	91	-	100.0	-	0-0-3	100.0	- ST130
ST100	91	ETEC	97.8	ETEC	0-0-0	97.8	ETEC ST100
ST723	89	EHEC	97.8	EHEC	0-0-1	96.6	EHEC ST723
ST311	88	EIEC	100.0	EIEC	0-0-17	98.9	EIEC ST311
ST328	88	EPEC	75.0	EPEC	0-0-0	95.5	EPEC ST328
ST678	86	STEC	55.8	STEC	0-0-0	100.0	STEC ST678
ST501	85	-	98.8	-	0-0-3	100.0	- ST501
ST1081	82	-	98.8	-	0-0-0	100.0	- ST1081
ST847	82	-	68.3	-	0-0-0	100.0	- ST847
ST1283	82	EPEC	100.0	EPEC	0-10-1	100.0	EPEC ST1283
ST196	80	-	96.3	-	0-0-0	97.5	- ST196
ST656	80	-	90.0	-	0-0-0	100.0	- ST656
ST70	80	-	93.8	-	0-13-0	100.0	- ST70
ST677	80	STEC	95.0	STEC	0-0-0	98.8	STEC ST677
ST1273	78	Shigella boydii	100.0	Sb	0-6-0	100.0	Sb ST1273
ST1727	77	-	84.4	-	0-0-0	100.0	- ST1727
ST491	77	-	87.0	-	0-1-14	100.0	- ST491
ST753	77	STEC	62.3	STEC	0-0-104	100.0	STEC ST753
ST635	77	-	100.0	-	0-0-0	98.7	- ST635
ST-65	76	-	100.0	-	0-0-0	100.0	- ST-65
ST164	76	-	100.0	-	0-0-0	100.0	- ST164
ST9438	76	-	100.0	-	0-26-0	100.0	- ST9438
ST4267	76	EIEC	96.1	EIEC	0-0-36	100.0	EIEC ST4267
ST1024	76	Shigella flexneri	100.0	Sf	0-3-0	100.0	Sf ST1024
ST1049	75	-	98.7	-	0-0-0	100.0	- ST1049
ST1753	74	Shigella boydii	100.0	Sb	0-3-0	100.0	Sb ST1753
ST757	74	-	100.0	-	0-0-0	98.6	- ST757
ST1286	73	-	100.0	-	0-0-0	100.0	- ST1286
ST659	73	EHEC	100.0	EHEC	0-0-7	100.0	EHEC ST659
ST2332	72	-	94.4	-	0-0-20	95.8	- ST2332
ST657	71	STEC	56.3	STEC	0-0-6	100.0	STEC ST657
ST2353	70	ETEC	94.3	ETEC	0-0-0	97.1	ETEC ST2353
ST359	69	-	100.0	-	0-0-0	100.0	- ST359
ST1021	69	Shigella flexneri	100.0	Sf	0-3-0	100.0	Sf ST1021
ST2852	69	-	100.0	-	0-0-0	95.7	- ST2852
ST738	68	STEC	97.1	STEC	0-0-25	100.0	STEC ST738
ST147	68	Shigella dysenteriae	98.5	Sd	0-12-0	100.0	Sd ST147
ST388	67	-	62.7	-	0-0-0	98.5	- ST388
ST504	67	STEC	77.6	STEC	0-1-12	98.5	STEC ST504
ST720	67	-	85.1	-	0-0-3	97.0	- ST720
ST1434	67	-	100.0	-	0-0-0	98.5	- ST1434
ST5229	66	-	100.0	-	0-0-0	100.0	- ST5229
ST260	65	Shigella dysenteriae	100.0	Sd	0-36-0	100.0	Sd ST260
ST538	65	-	100.0	-	0-4-2	100.0	- ST538
ST642	65	ETEC/STEC	41.5	ETEC/STEC	0-0-0	100.0	ETEC/STEC ST642
ST533	65	-	95.4	-	0-0-0	100.0	- ST533
ST446	64	-	62.5	-	0-0-0	100.0	- ST446
ST1177	64	-	100.0	-	0-0-5	100.0	- ST1177
ST747	63	STEC	71.4	STEC	0-18-0	100.0	STEC ST747
ST4606	63	E. albertii	100.0	E. albertii	01/01/2000	98.4	E. albertii ST4606
ST273	63	Shigella dysenteriae	100.0	Sd	0-12-0	100.0	Sd ST273
ST1125	62	-	96.8	-	0-0-0	100.0	- ST1125
ST329	62	ETEC/STEC	77.4	ETEC/STEC	0-0-0	98.4	ETEC/STEC ST329
ST2521	62	-	90.3	-	0-0-0	100.0	- ST2521
ST993	61	-	42.6	-	0-0-0	100.0	- ST993
ST770	61	-	93.4	-	0-24-0	100.0	- ST770
ST350	61	-	98.4	-	0-0-15	100.0	- ST350
ST115	60	-	100.0	-	0-0-5	100.0	- ST115
ST607	60	-	100.0	-	0-0-0	98.3	- ST607
ST7852	60	-	81.7	-	03/06/2001	100.0	- ST7852
ST8330	59	-	94.9	-	3-0-6	100.0	- ST8330
ST1204	59	-	100.0	-	-	62.7	- ST1204
ST5292	58	STEC	96.6	STEC	0-1-12	100.0	STEC ST5292
ST616	58	-	62.1	-	0-0-0	100.0	- ST616
ST550	58	-	100.0	-	0-1-2	98.3	- ST550
ST137	58	EHEC	55.2	EHEC	0-7-0	94.8	EHEC ST137
ST1638	57	-	100.0	-	0-0-0	98.2	- ST1638
ST68	57	-	98.2	-	0-0-38	100.0	- ST68
ST17577	56	-	100.0	-	0-1-18	100.0	- ST17577
ST484	56	-	100.0	-	0-0-0	100.0	- ST484
ST7039	56	Shigella flexneri	100.0	Sf	0-3-0	100.0	Sf ST7039
ST5390	55	E. albertii	100.0	E. albertii	01/05/2000	100.0	E. albertii ST5390
ST2836	55	EHEC	96.4	EHEC	0-0-1	100.0	EHEC ST2836
ST316	55	ETEC	70.9	ETEC	0-0-0	100.0	ETEC ST316
ST	55	Shigella flexneri	43.6	Sf	0-3-0	43.6	Sf ST
ST4419	54	-	98.1	-	3-0-1	98.1	- ST4419
ST973	54	-	100.0	-	0-13-1	94.4	- ST973
ST227	54	-	100.0	-	0-0-0	98.1	- ST227
ST2003	54	-	100.0	-	0-0-5	96.3	- ST2003
ST13236	53	Shigella sonnei	100.0	Ss	0-2-0	100.0	Ss ST13236
ST4638	53	E. albertii	100.0	E. albertii	01/04/2000	98.1	E. albertii ST4638
ST2040	53	-	100.0	-	0-0-0	100.0	- ST2040
ST937	53	STEC	58.5	STEC	0-0-0	100.0	STEC ST937
ST1163	53	-	100.0	-	0-0-45	100.0	- ST1163
ST718	52	ETEC/STEC	51.9	ETEC/STEC	0-0-0	100.0	ETEC/STEC ST718
ST75	52	-	90.4	-	0-0-29	100.0	- ST75
ST716	51	-	100.0	-	0-0-0	100.0	- ST716
ST2	51	-	100.0	-	0-0-3	100.0	- ST2
ST111	50	STEC	60.0	STEC	0-0-0	100.0	STEC ST111
ST963	49	-	100.0	-	0-0-5	95.9	- ST963
ST1433	49	-	95.9	-	0-0-0	100.0	- ST1433
ST12029	49	-	93.9	-	3-20-1	100.0	- ST12029
ST381	49	EPEC	95.9	EPEC	0-0-13	91.8	EPEC ST381
ST1623	49	ETEC	46.9	ETEC	0-0-0	87.8	ETEC ST1623
ST2144	48	-	87.5	-	0-0-0	100.0	- ST2144
ST1759	48	Shigella dysenteriae	100.0	Sd	0-12-0	100.0	Sd ST1759
ST4633	48	E. albertii	100.0	E. albertii	01/02/2000	100.0	E. albertii ST4633
ST77	48	-	100.0	-	0-0-0	100.0	- ST77
ST133	47	-	100.0	-	2-0-1	95.7	- ST133
ST83	47	-	100.0	-	0-4-3	100.0	- ST83
ST219	46	-	97.8	-	0-0-30	100.0	- ST219
ST1819	46	STEC	97.8	STEC	0-0-22	100.0	STEC ST1819
ST420	46	-	93.5	-	0-1-9	100.0	- ST420
ST14457	46	-	67.4	-	3-23-1	100.0	- ST14457
ST949	46	-	91.3	-	0-0-0	100.0	- ST949
ST4980	45	-	100.0	-	0-0-20	100.0	- ST4980
ST-54	45	Shigella sonnei	100.0	Ss	-	77.8	Ss ST-54
ST1844	45	-	100.0	-	0-0-0	100.0	- ST1844
ST761	45	-	100.0	-	0-0-0	100.0	- ST761
ST1056	44	-	95.5	-	0-0-0	100.0	- ST1056
ST327	44	EPEC	90.9	EPEC	0-0-14	88.6	EPEC ST327
ST683	44	-	79.5	-	0-0-0	100.0	- ST683
ST1308	43	-	67.4	-	0-0-0	97.7	- ST1308
ST1564	43	-	100.0	-	0-0-0	100.0	- ST1564
ST1491	43	ETEC	93.0	ETEC	0-0-0	100.0	ETEC ST1491
ST795	43	EHEC	53.5	EHEC	0-0-0	100.0	EHEC ST795
ST2279	42	-	100.0	-	0-4-0	100.0	- ST2279
ST120	42	-	88.1	-	0-0-19	90.5	- ST120
ST537	42	-	100.0	-	0-1-2	100.0	- ST537
ST108	42	-	95.2	-	0-13-0	100.0	- ST108
ST3877	42	-	100.0	-	0-0-0	100.0	- ST3877
ST5973	41	-	90.2	-	0-0-0	97.6	- ST5973
ST452	41	-	97.6	-	0-1-18	92.7	- ST452
ST871	41	-	100.0	-	0-0-0	100.0	- ST871
ST1679	41	-	97.6	-	0-0-0	95.1	- ST1679
ST1642	41	-	92.7	-	0-0-0	97.6	- ST1642
ST3101	40	STEC	95.0	STEC	0-0-0	100.0	STEC ST3101
ST6438	40	-	100.0	-	0-0-0	100.0	- ST6438
ST1380	40	-	92.5	-	0-0-3	95.0	- ST1380
ST26	40	STEC	95.0	STEC	0-0-0	100.0	STEC ST26
ST1201	40	-	100.0	-	0-0-0	97.5	- ST1201
ST7059	40	-	100.0	-	03/06/2000	100.0	- ST7059
ST1598	39	-	100.0	-	0-0-0	100.0	- ST1598
ST773	39	-	100.0	-	0-0-0	100.0	- ST773
ST5305	39	ETEC	94.9	ETEC	0-0-10	97.4	ETEC ST5305
ST201	39	-	59.0	-	0-0-0	100.0	- ST201
ST315	39	-	97.4	-	0-0-5	100.0	- ST315
ST1041	39	EPEC	97.4	EPEC	0-9-2	100.0	EPEC ST1041
ST4379	38	-	100.0	-	0-0-57	100.0	- ST4379
ST6917	38	Shigella flexneri	100.0	Sf	0-3-0	100.0	Sf ST6917
ST603	38	-	65.8	-	0-0-2	100.0	- ST603
ST191	38	-	100.0	-	0-0-0	100.0	- ST191
ST414	38	-	100.0	-	0-0-3	100.0	- ST414
ST11893	37	-	100.0	-	0-25-0	100.0	- ST11893
ST624	37	-	100.0	-	0-8-0	100.0	- ST624
ST390	37	-	100.0	-	0-1-1	100.0	- ST390
ST2067	37	-	100.0	-	0-0-0	100.0	- ST2067
ST106	37	-	89.2	-	0-0-3	97.3	- ST106
ST16672	37	-	97.3	-	03/06/2005	100.0	- ST16672
ST3519	37	-	89.2	-	0-0-2	100.0	- ST3519
ST6142	36	-	100.0	-	0-0-0	100.0	- ST6142
ST3268	36	-	100.0	-	0-0-5	97.2	- ST3268
ST2556	36	-	100.0	-	0-4-1	100.0	- ST2556
ST2973	36	-	100.0	-	0-0-0	100.0	- ST2973
ST722	36	EPEC	100.0	EPEC	0-9-0	94.4	EPEC ST722
ST5260	36	-	100.0	-	2-0-0	94.4	- ST5260
ST3776	36	-	100.0	-	0-0-0	100.0	- ST3776
ST567	35	-	94.3	-	0-1-21	97.1	- ST567
ST3014	35	-	100.0	-	0-0-0	100.0	- ST3014
ST17581	35	-	100.0	-	0-1-18	100.0	- ST17581
ST711	35	-	97.1	-	0-0-0	100.0	- ST711
ST2015	34	-	100.0	-	0-1-28	97.1	- ST2015
ST4038	34	-	67.6	-	0-0-0	100.0	- ST4038
ST441	34	-	88.2	-	0-0-0	100.0	- ST441
ST17569	34	-	100.0	-	0-11-0	100.0	- ST17569
ST118	34	-	100.0	-	0-0-0	100.0	- ST118
ST1148	34	-	91.2	-	0-0-0	100.0	- ST1148
ST2522	34	-	100.0	-	0-0-0	100.0	- ST2522
ST1161	33	-	100.0	-	0-1-11	100.0	- ST1161
ST1112	33	-	75.8	-	0-0-0	100.0	- ST1112
ST423	33	ETEC	69.7	ETEC	0-0-0	87.9	ETEC ST423
ST1684	33	-	100.0	-	0-0-0	100.0	- ST1684
ST126	33	-	100.0	-	0-1-11	97.0	- ST126
ST4479	33	E. albertii	100.0	E. albertii	01/01/2000	100.0	E. albertii ST4479
ST392	32	-	100.0	-	0-0-2	100.0	- ST392
ST1303	32	-	96.9	-	0-0-0	87.5	- ST1303
ST1114	32	-	100.0	-	0-0-0	96.9	- ST1114
ST7375	32	Shigella boydii	100.0	Sb	0-6-0	100.0	Sb ST7375
ST485	32	-	100.0	-	0-24-0	100.0	- ST485
ST685	32	-	100.0	-	0-0-0	100.0	- ST685
ST2253	31	-	100.0	-	0-0-0	100.0	- ST2253
ST3057	31	-	77.4	-	0-21-0	96.8	- ST3057
ST336	31	-	77.4	-	0-0-0	100.0	- ST336
ST1140	31	-	100.0	-	0-0-118	100.0	- ST1140
ST3018	31	-	87.1	-	0-15-0	100.0	- ST3018
ST5400	31	Shigella flexneri	100.0	Sf	0-3-0	100.0	Sf ST5400
ST215	31	-	100.0	-	0-0-0	100.0	- ST215
ST1618	31	-	100.0	-	0-1-0	90.3	- ST1618
ST5431	31	E. albertii	100.0	E. albertii	01/03/2000	100.0	E. albertii ST5431
ST4619	31	E. albertii	100.0	E. albertii	01/02/2001	100.0	E. albertii ST4619
ST104	31	-	100.0	-	0-1-0	100.0	- ST104
ST86	31	-	96.8	-	0-0-0	96.8	- ST86
ST5487	31	-	51.6	-	0-0-0	100.0	- ST5487
ST2520	30	-	60.0	-	0-0-0	96.7	- ST2520
ST5597	30	-	100.0	-	0-0-103	100.0	- ST5597
ST7095	30	-	100.0	-	0-0-0	100.0	- ST7095
ST14940	29	-	100.0	-	0-75-2	100.0	- ST14940
ST2952	29	-	62.1	-	0-0-4	100.0	- ST2952
ST1304	29	-	96.6	-	0-0-0	100.0	- ST1304
ST5681	29	EHEC	100.0	EHEC	0-0-7	100.0	EHEC ST5681
ST2598	29	-	100.0	-	0-0-2	100.0	- ST2598
ST679	29	STEC	89.7	STEC	0-0-0	100.0	STEC ST679
ST13881	29	Shigella flexneri	100.0	Sf	0-3-0	100.0	Sf ST13881
ST1147	29	-	100.0	-	0-0-2	100.0	- ST1147
ST2690	29	-	100.0	-	0-0-0	100.0	- ST2690
ST91	28	-	96.4	-	0-4-4	100.0	- ST91
ST371	28	-	100.0	-	0-0-15	100.0	- ST371
ST665	28	-	100.0	-	0-0-0	89.3	- ST665
ST1721	28	-	100.0	-	0-0-0	100.0	- ST1721
ST1139	28	-	92.9	-	0-0-0	100.0	- ST1139
ST94	28	-	67.9	-	0-0-0	92.9	- ST94
ST3570	28	-	96.4	-	0-0-0	100.0	- ST3570
ST369	28	-	100.0	-	0-0-0	96.4	- ST369
ST2346	28	EPEC	92.9	EPEC	0-10-0	96.4	EPEC ST2346
ST1594	28	-	100.0	-	0-0-0	100.0	- ST1594
ST4748	27	STEC	100.0	STEC	0-0-0	100.0	STEC ST4748
ST416	27	-	100.0	-	0-1-1	96.3	- ST416
ST378	27	EPEC	100.0	EPEC	0-0-0	85.2	EPEC ST378
ST2280	27	-	96.3	-	0-0-0	100.0	- ST2280
ST140	27	-	100.0	-	0-1-1	92.6	- ST140
ST5643	27	-	100.0	-	03/01/2001	100.0	- ST5643
ST2659	27	-	100.0	-	0-0-5	100.0	- ST2659
ST11471	27	E. albertii	100.0	E. albertii	01/01/2000	100.0	E. albertii ST11471
ST15203	27	ETEC	66.7	ETEC	03/06/2003	100.0	ETEC ST15203
ST714	27	-	100.0	-	0-108-0	100.0	- ST714
ST2599	27	-	100.0	-	0-0-0	100.0	- ST2599
ST2732	26	-	100.0	-	0-47-0	100.0	- ST2732
ST1665	26	-	100.0	-	0-0-0	100.0	- ST1665
ST2792	26	-	76.9	-	0-0-22	100.0	- ST2792
ST6636	26	-	100.0	-	0-52-0	100.0	- ST6636
ST280	26	EIEC	100.0	EIEC	0-41-0	100.0	EIEC ST280
ST631	26	Shigella flexneri	100.0	Sf	0-3-0	100.0	Sf ST631
ST1249	26	-	80.8	-	0-0-66	100.0	- ST1249
ST2914	26	-	80.8	-	0-13-0	92.3	- ST2914
ST1403	26	-	100.0	-	0-0-0	100.0	- ST1403
ST2485	25	-	100.0	-	0-0-0	100.0	- ST2485
ST3762	25	E. albertii	100.0	E. albertii	01/01/2000	96.0	E. albertii ST3762
ST1236	25	-	100.0	-	0-4-6	100.0	- ST1236
ST8878	25	Shigella flexneri	100.0	Sf	0-3-0	100.0	Sf ST8878
ST12033	25	-	100.0	-	03/03/2001	100.0	- ST12033
ST1057	25	-	100.0	-	0-1-2	100.0	- ST1057
ST1723	25	-	100.0	-	0-0-0	100.0	- ST1723
ST898	25	-	100.0	-	0-0-2	100.0	- ST898
ST5584	25	-	72.0	-	0-18-0	100.0	- ST5584
ST2101	25	STEC	100.0	STEC	0-0-0	100.0	STEC ST2101
ST1463	24	-	100.0	-	0-0-0	100.0	- ST1463
ST129	24	-	95.8	-	0-0-0	100.0	- ST129
ST589	24	EPEC	100.0	EPEC	0-22-0	100.0	EPEC ST589
ST2491	24	-	100.0	-	0-0-0	100.0	- ST2491
ST3075	24	-	100.0	-	0-0-0	100.0	- ST3075
ST348	24	-	87.5	-	0-0-0	100.0	- ST348
ST1674	24	-	100.0	-	0-0-18	100.0	- ST1674
ST1508	24	-	100.0	-	0-25-1	100.0	- ST1508
ST2307	24	-	95.8	-	0-0-0	100.0	- ST2307
ST4213	24	-	100.0	-	0-0-0	100.0	- ST4213
ST7581	24	-	100.0	-	0-68-0	100.0	- ST7581
ST8881	24	-	100.0	-	0-8-0	100.0	- ST8881
ST2795	23	ETEC	73.9	ETEC	0-0-0	100.0	ETEC ST2795
ST2851	23	-	56.5	-	0-0-0	87.0	- ST2851
ST2197	23	-	100.0	-	0-0-0	100.0	- ST2197
ST5308	23	-	100.0	-	0-0-0	78.3	- ST5308
ST3695	23	STEC	100.0	STEC	0-0-0	100.0	STEC ST3695
ST590	23	EPEC	100.0	EPEC	0-0-13	95.7	EPEC ST590
ST3576	23	-	78.3	-	0-0-0	100.0	- ST3576
ST5150	23	-	100.0	-	0-0-5	100.0	- ST5150
ST4942	23	EHEC	95.7	EHEC	0-0-8	100.0	EHEC ST4942
ST1244	23	-	100.0	-	0-0-0	100.0	- ST1244
ST351	23	-	100.0	-	0-0-0	100.0	- ST351
ST6274	23	STEC	100.0	STEC	0-0-74	100.0	STEC ST6274
ST691	23	STEC	69.6	STEC	0-19-0	100.0	STEC ST691
ST7851	23	-	100.0	-	03/07/2000	100.0	- ST7851
ST877	23	-	100.0	-	0-0-0	100.0	- ST877
ST2728	23	-	95.7	-	0-0-0	100.0	- ST2728
ST1146	23	-	100.0	-	0-0-0	100.0	- ST1146
ST174	23	-	100.0	-	0-0-63	100.0	- ST174
ST5418	23	STEC	78.3	STEC	0-0-28	95.7	STEC ST5418
ST1326	22	-	100.0	-	0-0-0	100.0	- ST1326
ST1589	22	-	100.0	-	0-0-136	100.0	- ST1589
ST2064	22	-	90.9	-	0-25-0	100.0	- ST2064
ST2622	22	-	100.0	-	0-1-16	100.0	- ST2622
ST109	22	-	100.0	-	0-0-0	100.0	- ST109
ST7364	22	Shigella dysenteriae	100.0	Sd	0-6-1	100.0	Sd ST7364
ST1415	22	-	100.0	-	0-0-0	100.0	- ST1415
ST96	22	ETEC	95.5	ETEC	0-0-0	95.5	ETEC ST96
ST332	22	STEC	100.0	STEC	0-0-0	100.0	STEC ST332
ST6009	22	-	100.0	-	0-0-83	100.0	- ST6009
ST6448	22	-	100.0	-	0-0-53	100.0	- ST6448
ST1585	22	-	100.0	-	0-0-0	100.0	- ST1585
ST5044	22	-	100.0	-	0-0-23	100.0	- ST5044
ST646	22	-	95.5	-	0-1-31	100.0	- ST646
ST5342	21	EPEC	100.0	EPEC	0-10-2	100.0	EPEC ST5342
ST1022	21	Shigella flexneri	100.0	Sf	0-3-0	100.0	Sf ST1022
ST5614	21	-	100.0	-	0-0-0	100.0	- ST5614
ST2715	21	ETEC/STEC	81.0	ETEC/STEC	0-28-1	100.0	ETEC/STEC ST2715
ST961	21	-	100.0	-	0-1-3	100.0	- ST961
ST3107	21	-	100.0	-	0-0-0	100.0	- ST3107
ST582	21	EPEC	100.0	EPEC	0-9-0	100.0	EPEC ST582
ST5636	21	-	100.0	-	03/04/2000	100.0	- ST5636
ST1316	20	-	100.0	-	0-0-0	100.0	- ST1316
ST4450	20	-	100.0	-	0-0-0	100.0	- ST4450
ST4429	20	-	100.0	-	0-0-0	100.0	- ST4429
ST1178	20	-	95.0	-	0-0-0	100.0	- ST1178
ST2035	20	-	100.0	-	0-0-2	100.0	- ST2035
ST181	20	-	100.0	-	0-0-0	100.0	- ST181
ST541	20	-	100.0	-	0-0-0	100.0	- ST541
ST50	20	-	100.0	-	0-0-0	100.0	- ST50
ST17563	20	EPEC	100.0	EPEC	0-1-45	100.0	EPEC ST17563
ST1629	20	-	95.0	-	0-0-90	100.0	- ST1629
ST2602	20	-	80.0	-	0-0-0	100.0	- ST2602
ST6332	20	-	100.0	-	0-0-0	100.0	- ST6332
ST1170	20	-	100.0	-	0-4-5	100.0	- ST1170
ST192	20	-	65.0	-	0-0-0	100.0	- ST192
ST1408	20	-	85.0	-	0-0-0	95.0	- ST1408
ST149	20	Shigella boydii	100.0	Sb	0-12-1	95.0	Sb ST149
ST1892	19	STEC	100.0	STEC	0-0-113	100.0	STEC ST1892
ST11189	19	-	100.0	-	0-0-0	100.0	- ST11189
ST2559	19	-	100.0	-	2-0-5	89.5	- ST2559
ST1771	19	-	100.0	-	0-0-122	100.0	- ST1771
ST1122	19	-	100.0	-	0-0-0	100.0	- ST1122
ST978	19	-	100.0	-	0-1-17	94.7	- ST978
ST7444	19	EPEC	100.0	EPEC	0-5-0	100.0	EPEC ST7444
ST42	19	ETEC	78.9	ETEC	0-32-0	100.0	ETEC ST42
ST1423	19	-	94.7	-	0-0-0	100.0	- ST1423
ST2001	19	-	100.0	-	0-0-3	100.0	- ST2001
ST647	19	STEC	100.0	STEC	0-1-1	100.0	STEC ST647
ST2509	19	-	100.0	-	0-0-0	100.0	- ST2509
ST1716	19	-	100.0	-	0-0-0	100.0	- ST1716
ST2165	19	-	63.2	-	0-0-0	100.0	- ST2165
ST12821	19	-	100.0	-	0-0-0	100.0	- ST12821
ST16682	19	-	100.0	-	3-17-0	100.0	- ST16682
ST5399	19	E. albertii	100.0	E. albertii	1-0-0	100.0	E. albertii ST5399
ST609	19	-	78.9	-	0-0-0	94.7	- ST609
ST2614	19	-	100.0	-	0-0-135	100.0	- ST2614
ST793	19	EPEC	100.0	EPEC	0-0-0	100.0	EPEC ST793
ST13391	19	-	100.0	-	0-0-0	100.0	- ST13391
ST6272	19	EPEC	100.0	EPEC	0-0-30	100.0	EPEC ST6272
ST9317	18	Shigella sonnei	100.0	Ss	0-2-0	100.0	Ss ST9317
ST2008	18	-	77.8	-	0-0-0	100.0	- ST2008
ST1504	18	Shigella sonnei	100.0	Ss	0-2-0	100.0	Ss ST1504
ST5869	18	-	100.0	-	0-0-0	100.0	- ST5869
ST1706	18	-	94.4	-	0-0-0	100.0	- ST1706
ST4456	18	-	100.0	-	0-4-1	100.0	- ST4456
ST1248	18	-	61.1	-	0-0-0	94.4	- ST1248
ST1851	18	-	100.0	-	0-4-8	100.0	- ST1851
ST1276	18	-	100.0	-	0-16-0	100.0	- ST1276
ST767	18	-	94.4	-	0-0-0	94.4	- ST767
ST3021	18	-	100.0	-	0-0-0	100.0	- ST3021
ST1894	18	-	100.0	-	0-4-10	100.0	- ST1894
ST661	18	-	61.1	-	0-0-0	100.0	- ST661
ST2301	18	-	100.0	-	0-0-0	100.0	- ST2301
ST3202	18	-	100.0	-	0-0-42	100.0	- ST3202
ST121	18	EPEC	94.4	EPEC	0-1-6	77.8	EPEC ST121
ST1246	18	-	100.0	-	0-0-0	100.0	- ST1246
ST386	18	EHEC	100.0	EHEC	0-0-2	100.0	EHEC ST386
ST1914	18	-	94.4	-	0-27-1	100.0	- ST1914
ST3052	18	-	100.0	-	0-0-5	100.0	- ST3052
ST2248	18	-	100.0	-	0-0-106	100.0	- ST2248
ST5310	18	EHEC	100.0	EHEC	0-0-1	100.0	EHEC ST5310
ST13634	18	-	100.0	-	0-0-0	100.0	- ST13634
ST382	18	EPEC	100.0	EPEC	0-0-0	100.0	EPEC ST382
ST4204	17	-	100.0	-	0-0-0	100.0	- ST4204
ST4634	17	E. albertii	100.0	E. albertii	01/01/2000	100.0	E. albertii ST4634
ST2223	17	-	100.0	-	0-0-0	100.0	- ST2223
ST5276	17	-	100.0	-	0-0-0	76.5	- ST5276
ST1158	17	-	100.0	-	0-0-3	100.0	- ST1158
ST5536	17	EHEC	94.1	EHEC	0-0-4	100.0	EHEC ST5536
ST710	17	-	100.0	-	0-0-0	94.1	- ST710
ST660	17	EHEC	100.0	EHEC	0-0-7	94.1	EHEC ST660
ST8149	17	-	100.0	-	0-0-0	100.0	- ST8149
ST2628	17	-	100.0	-	0-0-0	100.0	- ST2628
ST7122	17	-	100.0	-	0-0-0	100.0	- ST7122
ST12030	17	-	94.1	-	03/06/2002	100.0	- ST12030
ST12780	17	-	100.0	-	0-0-0	100.0	- ST12780
ST1512	17	Shigella flexneri	100.0	Sf	0-6-3	100.0	Sf ST1512
ST3944	17	-	100.0	-	0-0-0	100.0	- ST3944
ST6035	17	Shigella sonnei	100.0	Ss	0-2-0	100.0	Ss ST6035
ST17576	17	-	100.0	-	04/08/2000	100.0	- ST17576
ST1167	17	-	88.2	-	0-0-0	100.0	- ST1167
ST11226	17	-	100.0	-	0-0-0	100.0	- ST11226
ST449	17	-	100.0	-	0-0-3	100.0	- ST449
ST2967	17	-	100.0	-	0-0-0	100.0	- ST2967
ST1294	17	-	76.5	-	0-0-0	100.0	- ST1294
ST5566	17	-	100.0	-	2-0-9	100.0	- ST5566
ST5733	17	EHEC	100.0	EHEC	0-0-1	100.0	EHEC ST5733
ST352	17	-	100.0	-	0-1-23	100.0	- ST352
ST5935	17	-	100.0	-	0-0-6	100.0	- ST5935
ST5374	17	EHEC	100.0	EHEC	0-0-1	100.0	EHEC ST5374
ST4736	17	E. albertii	100.0	E. albertii	1-0-0	100.0	E. albertii ST4736
ST4684	17	-	76.5	-	0-0-0	100.0	- ST4684
ST543	17	-	100.0	-	0-0-31	100.0	- ST543
ST337	17	EPEC	94.1	EPEC	0-0-0	100.0	EPEC ST337
ST2076	17	-	100.0	-	0-0-3	100.0	- ST2076
ST1	16	STEC	68.8	STEC	0-0-27	100.0	STEC ST1
ST6666	16	Shigella boydii	100.0	Sb	0-3-0	100.0	Sb ST6666
ST4496	16	STEC	100.0	STEC	0-0-0	100.0	STEC ST4496
ST1800	16	-	100.0	-	0-0-0	100.0	- ST1800
ST2682	16	E. albertii	100.0	E. albertii	1-0-0	100.0	E. albertii ST2682
ST706	16	-	87.5	-	0-1-20	100.0	- ST706
ST447	16	STEC	100.0	STEC	0-0-33	100.0	STEC ST447
ST5298	16	-	100.0	-	3-0-0	100.0	- ST5298
ST1804	16	EHEC	93.8	EHEC	0-5-0	100.0	EHEC ST1804
ST187	16	-	100.0	-	0-0-62	100.0	- ST187
ST1751	16	Shigella boydii	100.0	Sb	0-12-0	100.0	Sb ST1751
ST652	16	-	87.5	-	0-0-0	100.0	- ST652
ST2309	16	-	100.0	-	0-0-5	100.0	- ST2309
ST4380	16	-	100.0	-	0-0-0	100.0	- ST4380
ST2678	16	EPEC	100.0	EPEC	0-1-6	100.0	EPEC ST2678
ST1756	16	Shigella sonnei	100.0	Ss	0-2-0	100.0	Ss ST1756
ST5378	16	-	100.0	-	0-0-16	56.3	- ST5378
ST2619	16	-	100.0	-	0-1-1	100.0	- ST2619
ST5348	16	ETEC	100.0	ETEC	0-0-0	100.0	ETEC ST5348
ST1444	16	-	100.0	-	0-1-11	100.0	- ST1444
ST5967	15	E. albertii	100.0	E. albertii	1-0-0	100.0	E. albertii ST5967
ST2936	15	-	100.0	-	0-0-0	100.0	- ST2936
ST15150	15	-	100.0	-	0-0-0	100.0	- ST15150
ST16651	15	Shigella flexneri	100.0	Sf	0-3-0	100.0	Sf ST16651
ST4358	15	-	100.0	-	0-0-0	100.0	- ST4358
ST969	15	-	100.0	-	0-1-24	100.0	- ST969
ST4197	15	-	100.0	-	0-0-104	100.0	- ST4197
ST1767	15	Shigella boydii	100.0	Sb	0-135-0	100.0	Sb ST1767
ST1104	15	STEC	100.0	STEC	0-0-219	100.0	STEC ST1104
ST5756	15	-	100.0	-	0-0-2	100.0	- ST5756
ST325	15	ETEC/STEC	86.7	ETEC/STEC	0-0-0	100.0	ETEC/STEC ST325
ST383	15	E. albertii	100.0	E. albertii	01/09/2000	93.3	E. albertii ST383
ST3056	15	-	100.0	-	0-0-100	100.0	- ST3056
ST1513	15	Shigella flexneri	100.0	Sf	0-6-0	100.0	Sf ST1513
ST1494	15	-	86.7	-	0-0-19	100.0	- ST1494
ST4741	15	-	100.0	-	0-0-0	100.0	- ST4741
ST16433	15	-	100.0	-	0-1-2	100.0	- ST16433
ST939	15	-	100.0	-	0-0-0	100.0	- ST939
ST967	15	-	80.0	-	0-8-1	100.0	- ST967
ST4488	15	E. albertii	100.0	E. albertii	01/01/2000	100.0	E. albertii ST4488
ST1324	15	-	93.3	-	0-0-0	100.0	- ST1324
ST8370	15	-	100.0	-	2-0-14	86.7	- ST8370
ST708	14	-	85.7	-	0-0-0	100.0	- ST708
ST1490	14	ETEC	100.0	ETEC	0-0-0	100.0	ETEC ST1490
ST3270	14	-	100.0	-	0-0-0	100.0	- ST3270
ST12569	14	-	100.0	-	0-0-3	100.0	- ST12569
ST15	14	EPEC	100.0	EPEC	0-10-1	100.0	EPEC ST15
ST1602	14	-	100.0	-	0-0-0	100.0	- ST1602
ST7834	14	E. albertii	100.0	E. albertii	1-23-0	100.0	E. albertii ST7834
ST132	14	-	71.4	-	0-17-1	100.0	- ST132
ST2385	14	STEC	100.0	STEC	0-0-0	100.0	STEC ST2385
ST737	14	STEC	57.1	STEC	0-0-0	100.0	STEC ST737
ST6918	14	Shigella flexneri	100.0	Sf	0-3-0	100.0	Sf ST6918
ST4627	14	EIEC	100.0	EIEC	0-0-17	100.0	EIEC ST4627
ST8630	14	STEC	100.0	STEC	0-0-21	100.0	STEC ST8630
ST3601	14	-	100.0	-	0-1-10	100.0	- ST3601
ST1839	14	E. albertii	100.0	E. albertii	1-0-3	100.0	E. albertii ST1839
ST16735	14	-	100.0	-	3-31-0	100.0	- ST16735
ST3672	14	-	100.0	-	0-1-29	100.0	- ST3672
ST1858	14	-	100.0	-	0-1-2	100.0	- ST1858
ST1278	14	-	100.0	-	0-1-0	100.0	- ST1278
ST1172	14	-	100.0	-	0-0-2	100.0	- ST1172
ST2005	14	-	92.9	-	0-0-0	100.0	- ST2005
ST5351	14	-	100.0	-	0-1-2	100.0	- ST5351
ST7097	14	-	100.0	-	0-0-0	100.0	- ST7097
ST929	14	-	100.0	-	0-1-22	100.0	- ST929
ST15333	14	-	100.0	-	0-0-23	100.0	- ST15333
ST1739	14	Shigella dysenteriae	100.0	Sd	0-6-1	100.0	Sd ST1739
ST17561	14	-	100.0	-	0-0-0	100.0	- ST17561
ST4382	14	STEC	78.6	STEC	0-0-0	100.0	STEC ST4382
ST6151	13	-	100.0	-	0-0-0	100.0	- ST6151
ST13358	13	-	100.0	-	0-0-0	100.0	- ST13358
ST5237	13	Shigella sonnei	100.0	Ss	0-2-0	100.0	Ss ST5237
ST1640	13	-	100.0	-	0-0-15	100.0	- ST1640
ST5825	13	-	100.0	-	0-61-0	100.0	- ST5825
ST1992	13	-	100.0	-	0-0-0	100.0	- ST1992
ST3931	13	ETEC	100.0	ETEC	0-0-0	100.0	ETEC ST3931
ST8346	13	-	100.0	-	0-0-0	100.0	- ST8346
ST5204	13	-	100.0	-	0-0-0	100.0	- ST5204
ST1290	13	-	100.0	-	0-0-0	100.0	- ST1290
ST302	13	EPEC	100.0	EPEC	0-23-0	100.0	EPEC ST302
ST2083	13	-	100.0	-	0-0-0	100.0	- ST2083
ST1705	13	EHEC	100.0	EHEC	0-0-1	100.0	EHEC ST1705
ST4012	13	-	100.0	-	0-0-0	100.0	- ST4012
ST1252	13	-	100.0	-	0-0-39	100.0	- ST1252
ST8916	13	-	100.0	-	03/06/2001	100.0	- ST8916
ST3177	13	-	100.0	-	0-8-0	100.0	- ST3177
ST5658	13	Shigella sonnei	100.0	Ss	0-2-0	100.0	Ss ST5658
ST3864	13	ETEC	100.0	ETEC	0-0-0	100.0	ETEC ST3864
ST1072	13	-	100.0	-	0-0-0	100.0	- ST1072
ST2797	13	-	100.0	-	0-68-0	100.0	- ST2797
ST971	13	-	53.8	-	0-0-0	100.0	- ST971
ST6018	13	-	100.0	-	0-0-0	100.0	- ST6018
ST4381	13	-	100.0	-	0-0-0	100.0	- ST4381
ST10769	13	Shigella sonnei	100.0	Ss	0-2-0	100.0	Ss ST10769
ST8923	13	-	92.3	-	0-167-0	100.0	- ST8923
ST454	13	-	100.0	-	0-0-45	100.0	- ST454
ST3045	13	-	100.0	-	0-13-0	100.0	- ST3045
ST1266	13	-	84.6	-	0-0-30	100.0	- ST1266
ST1288	13	-	100.0	-	0-0-0	100.0	- ST1288
ST1882	13	-	100.0	-	0-0-24	100.0	- ST1882
ST1123	13	-	100.0	-	0-0-0	100.0	- ST1123
ST5312	13	Shigella flexneri	100.0	Sf	0-3-0	100.0	Sf ST5312
ST8305	13	Shigella flexneri	100.0	Sf	0-3-0	100.0	Sf ST8305
ST522	13	-	100.0	-	0-0-0	100.0	- ST522
ST539	13	-	100.0	-	0-0-0	100.0	- ST539
ST8588	13	-	100.0	-	0-0-173	100.0	- ST8588
ST2785	13	-	92.3	-	0-0-0	100.0	- ST2785
ST5766	13	-	100.0	-	0-0-0	100.0	- ST5766
ST1877	13	EPEC	100.0	EPEC	0-9-0	84.6	EPEC ST1877
ST11818	13	-	100.0	-	0-0-210	100.0	- ST11818
ST1972	13	-	100.0	-	0-0-0	100.0	- ST1972
ST367	13	-	100.0	-	0-0-0	100.0	- ST367
ST2368	13	ETEC	92.3	ETEC	0-0-0	69.2	ETEC ST2368
ST2496	13	-	100.0	-	0-0-0	100.0	- ST2496
ST6421	12	-	100.0	-	0-0-0	100.0	- ST6421
ST-2475	12	-	100.0	-	0-4-1	100.0	- ST-2475
ST8767	12	-	100.0	-	0-0-5	100.0	- ST8767
ST1664	12	-	100.0	-	0-0-0	100.0	- ST1664
ST12803	12	-	100.0	-	3-24-0	100.0	- ST12803
ST8886	12	-	100.0	-	0-1-19	100.0	- ST8886
ST2141	12	-	100.0	-	0-0-75	100.0	- ST2141
ST4578	12	EIEC	100.0	EIEC	0-0-152	100.0	EIEC ST4578
ST2935	12	-	100.0	-	0-0-0	100.0	- ST2935
ST2161	12	-	91.7	-	0-0-0	100.0	- ST2161
ST919	12	-	100.0	-	0-1-19	91.7	- ST919
ST373	12	-	100.0	-	0-0-0	100.0	- ST373
ST695	12	-	100.0	-	0-0-0	100.0	- ST695
ST7401	12	-	100.0	-	0-0-3	100.0	- ST7401
ST2466	12	-	100.0	-	0-0-0	100.0	- ST2466
ST5516	12	EHEC	100.0	EHEC	0-5-0	100.0	EHEC ST5516
ST1497	12	-	58.3	-	0-0-0	100.0	- ST1497
ST942	12	-	100.0	-	0-0-0	100.0	- ST942
ST2554	12	-	100.0	-	0-1-13	100.0	- ST2554
ST12815	12	-	100.0	-	0-0-0	100.0	- ST12815
ST654	12	-	100.0	-	0-0-0	100.0	- ST654
ST549	12	-	100.0	-	0-0-3	100.0	- ST549
ST3006	12	-	100.0	-	0-0-0	100.0	- ST3006
ST136	12	-	100.0	-	0-1-10	100.0	- ST136
ST363	12	-	100.0	-	0-1-9	91.7	- ST363
ST4995	12	-	100.0	-	0-0-0	100.0	- ST4995
ST2686	12	E. albertii	100.0	E. albertii	01/02/2007	100.0	E. albertii ST2686
ST12346	12	E. albertii	100.0	E. albertii	1-28-0	100.0	E. albertii ST12346
ST5415	12	EPEC	58.3	EPEC	0-0-0	100.0	EPEC ST5415
ST829	12	STEC	91.7	STEC	0-0-0	100.0	STEC ST829
ST1670	12	-	100.0	-	0-0-24	100.0	- ST1670
ST1385	12	-	83.3	-	0-4-5	100.0	- ST1385
ST794	12	EPEC	100.0	EPEC	0-0-0	100.0	EPEC ST794
ST79	12	-	100.0	-	0-1-1	100.0	- ST79
ST333	12	EHEC	100.0	EHEC	0-0-8	100.0	EHEC ST333
ST1136	12	-	100.0	-	0-0-0	100.0	- ST1136
ST2811	12	-	100.0	-	0-20-0	100.0	- ST2811
ST2230	12	-	100.0	-	0-0-0	100.0	- ST2230
ST2207	12	-	100.0	-	0-0-0	100.0	- ST2207
ST8660	12	STEC	100.0	STEC	0-0-0	100.0	STEC ST8660
ST5309	12	ETEC/EHEC	83.3	ETEC/EHEC	0-0-7	100.0	ETEC/EHEC ST5309
ST1817	12	STEC	100.0	STEC	0-0-0	100.0	STEC ST1817
ST3541	11	-	100.0	-	0-0-0	100.0	- ST3541
ST11985	11	-	100.0	-	3-18-0	100.0	- ST11985
ST4663	11	-	100.0	-	0-0-0	100.0	- ST4663
ST12038	11	-	100.0	-	03/06/2001	100.0	- ST12038
ST765	11	EHEC	63.6	EHEC	0-0-1	100.0	EHEC ST765
ST536	11	-	100.0	-	0-0-0	100.0	- ST536
ST6449	11	-	100.0	-	0-0-0	100.0	- ST6449
ST2175	11	-	100.0	-	0-0-0	100.0	- ST2175
ST8486	11	-	100.0	-	0-1-9	100.0	- ST8486
ST977	11	-	100.0	-	0-0-37	100.0	- ST977
ST2714	11	-	100.0	-	0-0-0	100.0	- ST2714
ST5148	11	-	100.0	-	0-27-1	100.0	- ST5148
ST54	11	-	81.8	-	0-0-0	100.0	- ST54
ST8492	11	-	100.0	-	0-0-0	100.0	- ST8492
ST176	11	-	100.0	-	0-0-0	100.0	- ST176
ST1231	11	-	100.0	-	0-1-1	100.0	- ST1231
ST4170	11	E. albertii	100.0	E. albertii	1-0-0	100.0	E. albertii ST4170
ST6395	11	-	100.0	-	0-0-0	100.0	- ST6395
ST2087	11	E. albertii	100.0	E. albertii	1-19-0	100.0	E. albertii ST2087
ST7176	11	-	90.9	-	0-0-23	100.0	- ST7176
ST4947	11	E. albertii	100.0	E. albertii	01/10/2000	100.0	E. albertii ST4947
ST1818	11	-	100.0	-	0-0-0	100.0	- ST1818
ST3858	11	-	81.8	-	0-0-0	100.0	- ST3858
ST8463	11	-	100.0	-	0-0-0	100.0	- ST8463
ST15975	11	Shigella sonnei	100.0	Ss	0-2-0	100.0	Ss ST15975
ST1946	11	-	100.0	-	0-1-4	100.0	- ST1946
ST12359	11	-	100.0	-	3-0-0	100.0	- ST12359
ST6060	11	-	63.6	-	0-0-52	100.0	- ST6060
ST8677	11	-	100.0	-	0-0-0	100.0	- ST8677
ST2966	11	EHEC	81.8	EHEC	0-5-0	90.9	EHEC ST2966
ST1121	11	-	100.0	-	0-0-2	100.0	- ST1121
ST6860	11	-	100.0	-	0-79-0	100.0	- ST6860
ST12212	11	-	100.0	-	0-0-0	100.0	- ST12212
ST2172	11	-	100.0	-	0-0-0	100.0	- ST2172
ST3744	11	-	100.0	-	0-0-0	100.0	- ST3744
ST18343	11	-	100.0	-	2-0-29	100.0	- ST18343
ST5268	11	E. albertii	100.0	E. albertii	1-0-1	100.0	E. albertii ST5268
ST999	11	-	100.0	-	0-4-1	100.0	- ST999
ST1141	11	-	100.0	-	0-0-0	100.0	- ST1141
ST2170	11	-	100.0	-	0-0-0	100.0	- ST2170
ST-1324	11	-	100.0	-	0-0-0	100.0	- ST-1324
ST5732	11	EHEC	100.0	EHEC	0-0-1	81.8	EHEC ST5732
ST413	11	E. albertii	100.0	E. albertii	01/03/2000	100.0	E. albertii ST413
ST8415	11	EHEC	100.0	EHEC	0-0-2	100.0	EHEC ST8415
ST2538	11	EPEC	81.8	EPEC	0-20-0	72.7	EPEC ST2538
ST2569	11	EPEC	100.0	EPEC	0-0-99	100.0	EPEC ST2569
ST472	11	-	100.0	-	0-0-0	100.0	- ST472
ST5252	11	-	100.0	-	3-0-2	90.9	- ST5252
ST2079	11	-	90.9	-	0-0-2	100.0	- ST2079
ST424	11	-	100.0	-	0-0-0	100.0	- ST424
ST17505	11	-	100.0	-	0-0-0	100.0	- ST17505
ST3036	11	-	100.0	-	0-25-0	100.0	- ST3036
ST5469	11	EPEC	100.0	EPEC	0-10-1	100.0	EPEC ST5469
ST3693	11	-	100.0	-	0-1-18	100.0	- ST3693
ST-1407	11	-	72.7	-	0-0-0	100.0	- ST-1407
ST1828	11	-	100.0	-	0-1-1	100.0	- ST1828
ST925	11	-	100.0	-	0-0-3	90.9	- ST925
ST4398	10	-	100.0	-	0-0-0	100.0	- ST4398
ST17337	10	-	100.0	-	0-0-0	100.0	- ST17337
ST5560	10	EHEC	100.0	EHEC	0-5-0	90.0	EHEC ST5560
ST2387	10	STEC	80.0	STEC	0-0-0	100.0	STEC ST2387
ST67	10	-	100.0	-	0-0-0	100.0	- ST67
ST4596	10	E. albertii	100.0	E. albertii	01/04/2000	100.0	E. albertii ST4596
ST7498	10	-	100.0	-	2-0-18	100.0	- ST7498
ST9700	10	STEC	100.0	STEC	0-0-11	100.0	STEC ST9700
ST1859	10	-	100.0	-	0-1-52	100.0	- ST1859
ST1610	10	-	100.0	-	0-0-0	100.0	- ST1610
ST4538	10	-	100.0	-	0-0-53	100.0	- ST4538
ST250	10	Shigella boydii	100.0	Sb	0-12-0	100.0	Sb ST250
ST1262	10	-	100.0	-	0-1-0	100.0	- ST1262
ST4260	10	-	100.0	-	0-1-42	100.0	- ST4260
ST1765	10	Shigella boydii	100.0	Sb	0-12-1	100.0	Sb ST1765
ST11416	10	-	100.0	-	0-0-0	100.0	- ST11416
ST3076	10	-	100.0	-	0-0-0	100.0	- ST3076
ST2074	10	-	100.0	-	0-0-113	100.0	- ST2074
ST17578	10	EPEC	90.0	EPEC	0-1-6	100.0	EPEC ST17578
ST6754	10	-	100.0	-	0-0-0	100.0	- ST6754
ST968	10	-	100.0	-	0-1-0	90.0	- ST968
ST13443	10	Shigella flexneri	100.0	Sf	0-3-0	100.0	Sf ST13443
ST13596	10	-	100.0	-	0-13-0	100.0	- ST13596
ST6335	10	-	100.0	-	0-0-0	100.0	- ST6335
ST14801	10	-	100.0	-	0-0-0	100.0	- ST14801
ST2531	10	-	100.0	-	0-0-0	100.0	- ST2531
ST1702	10	-	100.0	-	0-0-0	100.0	- ST1702
ST3288	10	-	80.0	-	0-0-0	100.0	- ST3288
ST7584	10	-	100.0	-	0-0-0	100.0	- ST7584
ST8365	10	E. albertii	100.0	E. albertii	1-25-0	100.0	E. albertii ST8365
ST4959	10	-	100.0	-	0-0-0	100.0	- ST4959
ST811	10	STEC	100.0	STEC	0-0-0	100.0	STEC ST811
ST5740	10	STEC	100.0	STEC	0-29-0	90.0	STEC ST5740
ST697	10	-	100.0	-	0-0-0	100.0	- ST697
ST1567	10	-	100.0	-	0-47-0	100.0	- ST1567
ST2086	10	EPEC	100.0	EPEC	0-10-0	100.0	EPEC ST2086
ST4119	10	EPEC	90.0	EPEC	0-1-6	100.0	EPEC ST4119
ST4623	10	-	100.0	-	0-0-0	100.0	- ST4623
ST2089	10	EPEC	100.0	EPEC	0-0-0	100.0	EPEC ST2089
ST3748	10	-	100.0	-	0-0-0	100.0	- ST3748
ST16070	10	Shigella sonnei	100.0	Ss	0-2-0	100.0	Ss ST16070
ST1907	10	EPEC	100.0	EPEC	0-10-3	100.0	EPEC ST1907
ST1001	10	-	100.0	-	0-0-2	100.0	- ST1001
ST281	10	EIEC	100.0	EIEC	0-0-35	80.0	EIEC ST281
ST195	10	-	100.0	-	0-0-0	100.0	- ST195
ST5343	10	EHEC	100.0	EHEC	0-0-8	90.0	EHEC ST5343
ST2073	10	-	100.0	-	0-0-0	100.0	- ST2073
ST5240	10	Shigella flexneri	100.0	Sf	0-3-0	100.0	Sf ST5240
ST7495	10	-	100.0	-	2-0-3	100.0	- ST7495
ST4243	10	-	100.0	-	0-42-0	100.0	- ST4243
ST17564	10	-	100.0	-	0-0-0	100.0	- ST17564
ST8650	10	STEC	100.0	STEC	0-0-21	100.0	STEC ST8650
ST548	10	-	100.0	-	0-0-0	100.0	- ST548
ST1749	10	Shigella boydii	100.0	Sb	0-12-2	100.0	Sb ST1749
ST6880	10	STEC	100.0	STEC	0-1-12	100.0	STEC ST6880
ST6745	10	-	100.0	-	0-0-22	100.0	- ST6745
ST6746	10	-	100.0	-	0-0-0	100.0	- ST6746
ST16622	10	Shigella flexneri	100.0	Sf	0-3-0	100.0	Sf ST16622
ST5600	10	-	100.0	-	2-0-12	100.0	- ST5600
ST18443	10	-	100.0	-	3-24-0	100.0	- ST18443
ST1582	10	-	100.0	-	0-0-0	100.0	- ST1582
ST5249	10	Shigella flexneri	100.0	Sf	0-3-0	100.0	Sf ST5249
ST15937	10	EPEC	100.0	EPEC	0-10-0	100.0	EPEC ST15937
ST6949	10	-	100.0	-	0-1-60	100.0	- ST6949
ST8154	10	-	100.0	-	0-0-84	100.0	- ST8154
ST1040	10	EHEC	90.0	EHEC	0-10-5	100.0	EHEC ST1040
ST3854	10	ETEC	60.0	ETEC	0-0-0	100.0	ETEC ST3854
ST7931	10	STEC	100.0	STEC	0-0-0	100.0	STEC ST7931
ST788	10	EPEC	100.0	EPEC	0-10-6	100.0	EPEC ST788
ST4681	10	-	90.0	-	0-0-0	100.0	- ST4681
ST1518	9	-	100.0	-	0-0-0	100.0	- ST1518
ST6359	9	-	100.0	-	0-0-0	100.0	- ST6359
ST2020	9	-	100.0	-	0-0-3	100.0	- ST2020
ST4674	9	-	100.0	-	0-0-6	100.0	- ST4674
ST4554	9	EPEC	100.0	EPEC	0-9-1	88.9	EPEC ST4554
ST7937	9	EPEC	100.0	EPEC	0-0-0	100.0	EPEC ST7937
ST7708	9	-	100.0	-	0-0-0	100.0	- ST7708
ST3258	9	-	100.0	-	0-0-6	100.0	- ST3258
ST1429	9	-	100.0	-	0-0-0	88.9	- ST1429
ST6467	9	-	100.0	-	05/03/2000	100.0	- ST6467
ST1724	9	-	77.8	-	0-0-0	100.0	- ST1724
ST5748	9	-	100.0	-	0-17-1	100.0	- ST5748
ST1245	9	-	100.0	-	0-34-0	100.0	- ST1245
ST6826	9	-	100.0	-	0-0-0	100.0	- ST6826
ST7527	9	-	100.0	-	0-4-0	100.0	- ST7527
ST10955	9	-	100.0	-	0-0-71	100.0	- ST10955
ST5909	9	-	100.0	-	0-0-0	100.0	- ST5909
ST4937	9	-	100.0	-	0-0-0	100.0	- ST4937
ST17094	9	-	100.0	-	0-0-0	100.0	- ST17094
ST789	9	-	88.9	-	0-0-0	100.0	- ST789
ST6992	9	STEC	100.0	STEC	0-0-0	100.0	STEC ST6992
ST4481	9	-	100.0	-	0-0-0	100.0	- ST4481
ST289	9	Shigella dysenteriae	100.0	Sd	0-0-4	100.0	Sd ST289
ST-1157	9	-	77.8	-	0-0-0	100.0	- ST-1157
ST4702	9	-	100.0	-	0-1-3	100.0	- ST4702
ST826	9	-	100.0	-	0-0-4	100.0	- ST826
ST9159	9	-	100.0	-	0-0-0	100.0	- ST9159
ST3246	9	-	100.0	-	0-0-3	100.0	- ST3246
ST827	9	-	100.0	-	0-1-3	100.0	- ST827
ST11817	9	-	100.0	-	0-0-0	100.0	- ST11817
ST7804	9	-	100.0	-	0-1-25	100.0	- ST7804
ST2388	9	STEC	88.9	STEC	0-0-0	100.0	STEC ST2388
ST15847	9	Shigella sonnei	100.0	Ss	0-2-0	100.0	Ss ST15847
ST2350	9	-	100.0	-	0-0-0	100.0	- ST2350
ST731	9	ETEC	66.7	ETEC	0-0-0	100.0	ETEC ST731
ST3032	9	-	100.0	-	0-17-0	100.0	- ST3032
ST3889	9	-	100.0	-	0-0-0	100.0	- ST3889
ST5822	9	ETEC/STEC	66.7	ETEC/STEC	0-0-0	100.0	ETEC/STEC ST5822
ST5940	9	-	100.0	-	0-0-6	66.7	- ST5940
ST1205	9	-	100.0	-	0-0-0	100.0	- ST1205
ST4173	9	STEC	55.6	STEC	0-0-0	100.0	STEC ST4173
ST7416	9	-	100.0	-	2-0-25	100.0	- ST7416
ST2514	9	ETEC/STEC	33.3	ETEC/STEC	0-0-0	100.0	ETEC/STEC ST2514
ST5853	9	-	100.0	-	0-20-1	100.0	- ST5853
ST1155	9	-	100.0	-	0-4-4	100.0	- ST1155
ST6422	9	-	100.0	-	0-0-0	100.0	- ST6422
ST8131	9	-	100.0	-	0-0-3	100.0	- ST8131
ST6823	9	-	100.0	-	0-0-0	100.0	- ST6823
ST11991	9	-	100.0	-	0-4-1	100.0	- ST11991
ST8744	9	-	100.0	-	0-0-0	100.0	- ST8744
ST5409	9	-	100.0	-	0-0-0	100.0	- ST5409
ST5786	9	ETEC	66.7	ETEC	0-0-0	100.0	ETEC ST5786
ST6706	9	-	100.0	-	0-0-0	100.0	- ST6706
ST6559	9	-	77.8	-	0-0-0	100.0	- ST6559
ST1395	9	-	100.0	-	0-0-0	100.0	- ST1395
ST3947	9	-	100.0	-	9-0-0	100.0	- ST3947
ST9699	9	-	100.0	-	0-0-0	100.0	- ST9699
ST209	9	-	100.0	-	0-0-0	100.0	- ST209
ST6271	9	-	88.9	-	0-0-0	100.0	- ST6271
ST16693	9	-	100.0	-	3-0-6	100.0	- ST16693
ST5652	9	-	100.0	-	0-13-0	100.0	- ST5652
ST6286	9	-	100.0	-	0-0-6	100.0	- ST6286
ST5474	9	-	55.6	-	0-0-16	100.0	- ST5474
ST3188	9	-	66.7	-	0-0-0	88.9	- ST3188
ST2700	9	E. albertii	100.0	E. albertii	01/07/2000	77.8	E. albertii ST2700
ST6725	9	-	100.0	-	0-0-0	100.0	- ST6725
ST6118	9	STEC	100.0	STEC	0-38-0	100.0	STEC ST6118
ST202	9	-	100.0	-	0-0-0	100.0	- ST202
ST3857	9	ETEC	88.9	ETEC	0-0-0	88.9	ETEC ST3857
ST6044	9	EPEC	100.0	EPEC	0-9-0	100.0	EPEC ST6044
ST676	9	-	100.0	-	0-4-3	77.8	- ST676
ST7588	9	-	100.0	-	0-0-0	100.0	- ST7588
ST13798	9	-	100.0	-	0-0-0	100.0	- ST13798
ST2077	8	-	100.0	-	0-0-101	100.0	- ST2077
ST625	8	-	100.0	-	0-1-24	100.0	- ST625
ST6793	8	-	100.0	-	0-0-0	100.0	- ST6793
ST5573	8	-	100.0	-	0-80-0	100.0	- ST5573
ST12290	8	-	100.0	-	0-15-5	100.0	- ST12290
ST632	8	Shigella flexneri	100.0	Sf	0-6-0	100.0	Sf ST632
ST-69	8	-	100.0	-	-	87.5	- ST-69
ST2773	8	STEC	50.0	STEC	0-0-0	87.5	STEC ST2773
ST5147	8	-	100.0	-	0-13-1	100.0	- ST5147
ST8331	8	-	100.0	-	03/11/2000	100.0	- ST8331
ST5662	8	-	62.5	-	0-46-0	87.5	- ST5662
ST1080	8	-	100.0	-	0-0-115	100.0	- ST1080
ST7347	8	-	100.0	-	2-0-24	100.0	- ST7347
ST3714	8	-	100.0	-	0-0-0	100.0	- ST3714
ST6730	8	-	100.0	-	0-0-0	100.0	- ST6730
ST5451	8	-	100.0	-	0-17-0	100.0	- ST5451
ST14509	8	-	100.0	-	0-0-0	100.0	- ST14509
ST1091	8	-	100.0	-	0-0-0	100.0	- ST1091
ST469	8	-	100.0	-	0-0-0	100.0	- ST469
ST294	8	EHEC	100.0	EHEC	0-0-1	87.5	EHEC ST294
ST2354	8	STEC	62.5	STEC	0-0-0	100.0	STEC ST2354
ST8045	8	Shigella dysenteriae	100.0	Sd	0-6-1	100.0	Sd ST8045
ST7237	8	EHEC	100.0	EHEC	0-0-2	100.0	EHEC ST7237
ST11855	8	-	100.0	-	0-0-0	100.0	- ST11855
ST5995	8	-	100.0	-	0-0-0	87.5	- ST5995
ST2562	8	-	100.0	-	0-18-0	100.0	- ST2562
ST6347	8	EHEC	100.0	EHEC	0-0-1	100.0	EHEC ST6347
ST5235	8	Shigella sonnei	100.0	Ss	0-2-0	100.0	Ss ST5235
ST6919	8	Shigella sonnei	100.0	Ss	0-2-0	100.0	Ss ST6919
ST7006	8	EHEC	100.0	EHEC	0-5-0	100.0	EHEC ST7006
ST1250	8	-	100.0	-	0-0-4	100.0	- ST1250
ST3274	8	-	100.0	-	0-0-64	100.0	- ST3274
ST5236	8	-	100.0	-	0-0-36	75.0	- ST5236
ST6782	8	-	100.0	-	0-0-0	100.0	- ST6782
ST2689	8	-	100.0	-	0-0-0	87.5	- ST2689
ST-135	8	-	100.0	-	0-4-0	100.0	- ST-135
ST2329	8	-	100.0	-	0-0-0	100.0	- ST2329
ST7799	8	EPEC	100.0	EPEC	0-10-8	100.0	EPEC ST7799
ST9313	8	EIEC	100.0	EIEC	0-0-0	100.0	EIEC ST9313
ST17562	8	-	100.0	-	0-1-19	100.0	- ST17562
ST5419	8	STEC	87.5	STEC	0-0-34	100.0	STEC ST5419
ST2683	8	E. albertii	100.0	E. albertii	01/06/2000	87.5	E. albertii ST2683
ST2351	8	-	100.0	-	0-0-0	100.0	- ST2351
ST3303	8	EPEC	100.0	EPEC	0-1-6	100.0	EPEC ST3303
ST16679	8	-	100.0	-	3-14-0	100.0	- ST16679
ST15565	8	-	100.0	-	0-0-0	100.0	- ST15565
ST1159	8	-	100.0	-	0-1-5	100.0	- ST1159
ST1297	8	-	100.0	-	0-0-39	100.0	- ST1297
ST2473	8	-	100.0	-	0-0-0	100.0	- ST2473
ST2456	8	-	100.0	-	0-0-0	100.0	- ST2456
ST2448	8	-	100.0	-	0-0-0	100.0	- ST2448
ST3568	8	-	100.0	-	04/01/2000	100.0	- ST3568
ST3322	8	-	100.0	-	0-0-0	100.0	- ST3322
ST4162	8	-	100.0	-	0-0-0	100.0	- ST4162
ST2721	8	-	100.0	-	2-0-14	75.0	- ST2721
ST15220	8	-	100.0	-	0-1-1	100.0	- ST15220
ST8025	8	-	100.0	-	0-0-0	100.0	- ST8025
ST6253	8	-	100.0	-	0-13-0	100.0	- ST6253
ST500	8	-	100.0	-	0-0-37	100.0	- ST500
ST8369	8	-	100.0	-	0-0-0	100.0	- ST8369
ST2450	8	-	100.0	-	0-0-0	100.0	- ST2450
ST1973	8	-	100.0	-	0-0-0	100.0	- ST1973
ST17084	8	-	100.0	-	0-1-2	100.0	- ST17084
ST6756	8	-	100.0	-	0-0-0	100.0	- ST6756
ST4040	8	-	100.0	-	0-13-0	100.0	- ST4040
ST134	8	-	100.0	-	0-1-19	100.0	- ST134
ST6058	8	E. albertii	100.0	E. albertii	01/02/2004	100.0	E. albertii ST6058
ST6370	8	Shigella flexneri	100.0	Sf	0-6-0	100.0	Sf ST6370
ST1588	8	-	100.0	-	0-72-0	100.0	- ST1588
ST8935	8	-	100.0	-	0-0-2	100.0	- ST8935
ST2345	8	-	100.0	-	0-0-0	100.0	- ST2345
ST7092	8	-	100.0	-	0-4-3	100.0	- ST7092
ST7094	8	-	100.0	-	0-0-0	100.0	- ST7094
ST16742	8	-	100.0	-	3-33-0	100.0	- ST16742
ST1695	8	-	100.0	-	0-0-0	100.0	- ST1695
ST3346	8	-	100.0	-	0-0-6	100.0	- ST3346
ST5876	8	-	100.0	-	0-0-99	100.0	- ST5876
ST812	8	STEC	100.0	STEC	0-1-72	100.0	STEC ST812
ST2308	8	-	62.5	-	0-0-0	100.0	- ST2308
ST8427	8	STEC	100.0	STEC	0-0-0	100.0	STEC ST8427
ST2741	8	-	100.0	-	0-0-0	100.0	- ST2741
ST5625	8	-	100.0	-	0-0-0	100.0	- ST5625
ST5540	8	-	100.0	-	2-0-13	100.0	- ST5540
ST3941	8	-	100.0	-	0-0-0	100.0	- ST3941
ST1730	8	-	100.0	-	0-0-0	100.0	- ST1730
ST5708	8	-	100.0	-	0-0-0	100.0	- ST5708
ST1607	8	-	100.0	-	0-0-113	100.0	- ST1607
ST953	8	ETEC	75.0	ETEC	0-0-0	100.0	ETEC ST953
ST6311	8	-	100.0	-	0-0-0	100.0	- ST6311
ST8356	8	STEC	100.0	STEC	0-0-2	100.0	STEC ST8356
ST3090	8	-	100.0	-	0-0-0	100.0	- ST3090
ST4058	8	STEC	100.0	STEC	0-0-33	87.5	STEC ST4058
ST1228	8	-	100.0	-	0-46-1	100.0	- ST1228
ST9138	8	-	100.0	-	0-0-0	100.0	- ST9138
ST15946	8	-	100.0	-	09/02/2000	100.0	- ST15946
ST15670	8	-	100.0	-	0-0-137	100.0	- ST15670
ST5295	8	-	100.0	-	0-0-0	100.0	- ST5295
ST8671	8	-	100.0	-	0-4-0	100.0	- ST8671
ST4088	8	-	100.0	-	0-0-0	100.0	- ST4088
ST11823	8	-	100.0	-	0-1-19	100.0	- ST11823
ST5429	8	EHEC	100.0	EHEC	0-0-1	100.0	EHEC ST5429
ST7331	7	-	100.0	-	0-0-0	100.0	- ST7331
ST16673	7	-	100.0	-	0-197-0	100.0	- ST16673
ST8691	7	E. albertii	100.0	E. albertii	01/02/2009	100.0	E. albertii ST8691
ST8189	7	-	100.0	-	0-4-0	100.0	- ST8189
ST7379	7	Shigella dysenteriae	100.0	Sd	0-6-1	100.0	Sd ST7379
ST11458	7	EHEC	85.7	EHEC	0-5-0	100.0	EHEC ST11458
ST7949	7	-	100.0	-	0-0-0	100.0	- ST7949
ST8746	7	-	100.0	-	0-0-3	100.0	- ST8746
ST-739	7	STEC	100.0	STEC	0-0-0	100.0	STEC ST-739
ST7366	7	-	85.7	-	0-0-0	100.0	- ST7366
ST3168	7	-	100.0	-	0-0-0	100.0	- ST3168
ST6957	7	EHEC	100.0	EHEC	0-0-1	100.0	EHEC ST6957
ST1794	7	STEC	100.0	STEC	0-0-0	100.0	STEC ST1794
ST5989	7	EHEC	100.0	EHEC	0-0-1	100.0	EHEC ST5989
ST7102	7	-	100.0	-	0-95-1	100.0	- ST7102
ST6701	7	-	100.0	-	0-0-0	100.0	- ST6701
ST6431	7	-	100.0	-	0-0-0	100.0	- ST6431
ST5019	7	-	100.0	-	0-0-0	100.0	- ST5019
ST4015	7	-	100.0	-	0-0-64	100.0	- ST4015
ST6767	7	-	100.0	-	0-1-1	100.0	- ST6767
ST6314	7	E. albertii	100.0	E. albertii	1-21-0	100.0	E. albertii ST6314
ST5421	7	EHEC	100.0	EHEC	0-0-1	100.0	EHEC ST5421
ST12473	7	-	100.0	-	0-0-0	100.0	- ST12473
ST6762	7	-	100.0	-	3-0-3	100.0	- ST6762
ST6023	7	-	100.0	-	0-0-0	71.4	- ST6023
ST3478	7	-	100.0	-	0-0-0	100.0	- ST3478
ST1258	7	-	42.9	-	0-0-16	100.0	- ST1258
ST3285	7	-	100.0	-	0-0-29	100.0	- ST3285
ST11215	7	-	100.0	-	0-8-0	100.0	- ST11215
ST299	7	EPEC	100.0	EPEC	0-10-10	100.0	EPEC ST299
ST6215	7	-	100.0	-	0-0-0	100.0	- ST6215
ST52	7	-	100.0	-	0-0-0	100.0	- ST52
ST1101	7	-	100.0	-	0-0-0	100.0	- ST1101
ST7085	7	-	100.0	-	0-0-0	100.0	- ST7085
ST5923	7	STEC	100.0	STEC	0-1-35	100.0	STEC ST5923
ST750	7	ETEC	100.0	ETEC	0-0-0	100.0	ETEC ST750
ST724	7	STEC	71.4	STEC	0-19-0	100.0	STEC ST724
ST5934	7	-	85.7	-	0-0-0	100.0	- ST5934
ST15863	7	Shigella boydii	100.0	Sb	0-6-0	100.0	Sb ST15863
ST1131	7	-	100.0	-	0-0-117	100.0	- ST1131
ST6858	7	-	100.0	-	0-82-1	100.0	- ST6858
ST8264	7	EHEC	100.0	EHEC	0-0-132	100.0	EHEC ST8264
ST11608	7	E. albertii	100.0	E. albertii	1-0-3	100.0	E. albertii ST11608
ST175	7	-	100.0	-	0-0-0	100.0	- ST175
ST15231	7	-	100.0	-	3-0-8	100.0	- ST15231
ST279	7	EIEC	100.0	EIEC	0-41-0	100.0	EIEC ST279
ST3910	7	ETEC	71.4	ETEC	0-30-1	100.0	ETEC ST3910
ST5082	7	-	57.1	-	0-0-0	100.0	- ST5082
ST5903	7	-	100.0	-	0-0-0	100.0	- ST5903
ST2028	7	-	100.0	-	0-0-0	100.0	- ST2028
ST6071	7	-	100.0	-	0-0-0	100.0	- ST6071
ST7494	7	-	100.0	-	2-0-24	100.0	- ST7494
ST53	7	-	100.0	-	0-0-0	100.0	- ST53
ST1426	7	-	100.0	-	0-0-0	100.0	- ST1426
ST6234	7	ETEC	85.7	ETEC	0-0-0	100.0	ETEC ST6234
ST14373	7	EHEC	57.1	EHEC	0-5-0	100.0	EHEC ST14373
ST12244	7	-	100.0	-	0-0-0	100.0	- ST12244
ST5891	7	-	85.7	-	0-0-0	100.0	- ST5891
ST1743	7	Shigella boydii	100.0	Sb	0-6-0	100.0	Sb ST1743
ST2016	7	-	85.7	-	0-0-0	100.0	- ST2016
ST7415	7	E. albertii	100.0	E. albertii	01/02/2005	100.0	E. albertii ST7415
ST633	7	Shigella flexneri	85.7	Sf	0-3-0	100.0	Sf ST633
ST5996	7	-	100.0	-	-	57.1	- ST5996
ST10005	7	E. albertii	100.0	E. albertii	1-30-0	100.0	E. albertii ST10005
ST2550	7	-	100.0	-	0-107-0	100.0	- ST2550
ST5939	7	EHEC	100.0	EHEC	0-0-1	85.7	EHEC ST5939
ST1202	7	-	100.0	-	0-0-20	100.0	- ST1202
ST6048	7	E. albertii	100.0	E. albertii	1-0-0	100.0	E. albertii ST6048
ST18880	7	STEC	100.0	STEC	0-0-27	100.0	STEC ST18880
ST6527	7	-	100.0	-	0-4-14	100.0	- ST6527
ST6922	7	-	100.0	-	0-1-8	100.0	- ST6922
ST8978	7	-	100.0	-	0-171-0	100.0	- ST8978
ST210	7	-	100.0	-	0-0-0	100.0	- ST210
ST12646	7	-	100.0	-	0-0-0	100.0	- ST12646
ST5579	7	-	100.0	-	0-0-98	85.7	- ST5579
ST5523	7	-	100.0	-	0-0-0	100.0	- ST5523
ST415	7	-	100.0	-	0-11-0	100.0	- ST415
ST717	7	-	85.7	-	0-37-0	71.4	- ST717
ST12031	7	-	100.0	-	03/10/2000	100.0	- ST12031
ST8936	7	-	100.0	-	0-46-2	100.0	- ST8936
ST555	7	-	100.0	-	0-4-7	100.0	- ST555
ST5653	7	-	85.7	-	0-0-0	100.0	- ST5653
ST5396	7	ETEC	100.0	ETEC	0-0-0	100.0	ETEC ST5396
ST974	7	-	100.0	-	0-0-0	100.0	- ST974
ST7837	7	Shigella flexneri	100.0	Sf	0-3-0	100.0	Sf ST7837
ST1630	7	-	100.0	-	0-0-0	100.0	- ST1630
ST-3489	7	-	100.0	-	0-197-1	100.0	- ST-3489
ST5926	7	-	57.1	-	0-0-15	100.0	- ST5926
ST799	7	EPEC	100.0	EPEC	0-23-0	100.0	EPEC ST799
ST6082	7	-	100.0	-	0-0-0	100.0	- ST6082
ST366	7	-	100.0	-	0-0-65	100.0	- ST366
ST4550	7	EPEC	100.0	EPEC	0-0-1	100.0	EPEC ST4550
ST8749	7	-	100.0	-	0-0-3	100.0	- ST8749
ST3631	7	-	85.7	-	0-0-42	100.0	- ST3631
ST15449	7	EPEC	100.0	EPEC	0-17-11	100.0	EPEC ST15449
ST16775	7	-	100.0	-	0-0-0	100.0	- ST16775
ST6495	7	-	100.0	-	2-0-16	100.0	- ST6495
ST5352	7	STEC	100.0	STEC	0-0-60	100.0	STEC ST5352
ST2328	7	-	100.0	-	0-0-0	100.0	- ST2328
ST5792	7	-	100.0	-	05/01/2000	100.0	- ST5792
ST12824	7	-	100.0	-	0-0-23	100.0	- ST12824
ST6150	7	-	100.0	-	0-0-0	100.0	- ST6150
ST6355	7	-	100.0	-	0-1-3	100.0	- ST6355
ST694	7	-	85.7	-	0-0-0	100.0	- ST694
ST955	7	-	85.7	-	0-0-27	100.0	- ST955
ST7507	7	-	100.0	-	0-0-0	100.0	- ST7507
ST7431	7	EHEC	100.0	EHEC	0-5-0	100.0	EHEC ST7431
ST7348	7	-	100.0	-	2-0-21	100.0	- ST7348
ST5925	6	-	100.0	-	0-0-0	100.0	- ST5925
ST5241	6	EPEC	100.0	EPEC	0-0-0	66.7	EPEC ST5241
ST3476	6	-	100.0	-	0-0-0	100.0	- ST3476
ST5956	6	-	100.0	-	0-0-0	100.0	- ST5956
ST6369	6	Shigella flexneri	100.0	Sf	0-3-0	100.0	Sf ST6369
ST1086	6	-	100.0	-	0-0-95	100.0	- ST1086
ST1993	6	-	100.0	-	0-1-5	100.0	- ST1993
ST6786	6	-	100.0	-	0-0-0	100.0	- ST6786
ST5613	6	Shigella boydii	100.0	Sb	0-12-1	100.0	Sb ST5613
ST7111	6	-	100.0	-	0-0-0	100.0	- ST7111
ST6050	6	-	100.0	-	0-0-0	100.0	- ST6050
ST6201	6	Shigella flexneri	100.0	Sf	0-3-0	100.0	Sf ST6201
ST1833	6	EHEC	100.0	EHEC	0-5-0	100.0	EHEC ST1833
ST11527	6	-	100.0	-	0-0-208	100.0	- ST11527
ST5245	6	E. albertii	100.0	E. albertii	1-16-0	100.0	E. albertii ST5245
ST1671	6	-	100.0	-	0-0-0	100.0	- ST1671
ST8371	6	-	100.0	-	0-20-3	100.0	- ST8371
ST12417	6	-	100.0	-	03/04/2001	100.0	- ST12417
ST803	6	EPEC	100.0	EPEC	0-1-6	100.0	EPEC ST803
ST1850	6	-	100.0	-	0-0-102	100.0	- ST1850
ST5261	6	-	100.0	-	0-1-15	83.3	- ST5261
ST7083	6	STEC	100.0	STEC	0-18-0	100.0	STEC ST7083
ST45	6	-	100.0	-	0-0-0	100.0	- ST45
ST1841	6	-	100.0	-	0-0-0	100.0	- ST1841
ST4553	6	-	100.0	-	0-8-0	100.0	- ST4553
ST1750	6	Shigella boydii	100.0	Sb	0-12-1	100.0	Sb ST1750
ST17500	6	Shigella sonnei	100.0	Ss	0-2-0	100.0	Ss ST17500
ST1583	6	EPEC	100.0	EPEC	0-1-6	100.0	EPEC ST1583
ST975	6	ETEC	66.7	ETEC	0-0-0	100.0	ETEC ST975
ST7621	6	-	66.7	-	3-0-4	100.0	- ST7621
ST4512	6	-	100.0	-	0-0-0	83.3	- ST4512
ST17206	6	-	100.0	-	0-0-0	100.0	- ST17206
ST3381	6	-	100.0	-	0-90-0	100.0	- ST3381
ST7326	6	-	100.0	-	0-0-0	100.0	- ST7326
ST1307	6	-	100.0	-	0-0-0	100.0	- ST1307
ST1432	6	-	100.0	-	0-0-0	100.0	- ST1432
ST6015	6	-	100.0	-	0-0-0	100.0	- ST6015
ST547	6	-	100.0	-	0-1-41	100.0	- ST547
ST1597	6	-	100.0	-	0-4-4	100.0	- ST1597
ST3853	6	-	100.0	-	0-0-36	100.0	- ST3853
ST1786	6	EHEC	100.0	EHEC	0-0-2	100.0	EHEC ST1786
ST7013	6	-	100.0	-	0-0-0	100.0	- ST7013
ST6057	6	E. albertii	100.0	E. albertii	01/02/2003	83.3	E. albertii ST6057
ST9862	6	-	100.0	-	0-0-0	100.0	- ST9862
ST3856	6	-	83.3	-	0-0-0	100.0	- ST3856
ST3727	6	-	100.0	-	2-0-3	100.0	- ST3727
ST688	6	EHEC	100.0	EHEC	0-0-8	66.7	EHEC ST688
ST4060	6	EPEC	100.0	EPEC	0-9-1	100.0	EPEC ST4060
ST12236	6	-	100.0	-	0-0-0	100.0	- ST12236
ST4086	6	-	100.0	-	0-0-0	100.0	- ST4086
ST5224	6	-	100.0	-	0-0-0	100.0	- ST5224
ST4385	6	-	100.0	-	0-0-0	100.0	- ST4385
ST5426	6	EPEC	100.0	EPEC	0-0-1	100.0	EPEC ST5426
ST5503	6	-	100.0	-	0-0-0	100.0	- ST5503
ST5881	6	-	100.0	-	0-0-6	83.3	- ST5881
ST15640	6	-	100.0	-	0-0-0	100.0	- ST15640
ST8001	6	-	100.0	-	03/01/2002	100.0	- ST8001
ST2025	6	-	100.0	-	0-0-0	100.0	- ST2025
ST7470	6	-	100.0	-	0-0-15	100.0	- ST7470
ST2160	6	-	100.0	-	0-0-0	100.0	- ST2160
ST7630	6	-	100.0	-	2-0-28	100.0	- ST7630
ST7100	6	-	100.0	-	0-0-0	100.0	- ST7100
ST6303	6	-	100.0	-	0-0-3	100.0	- ST6303
ST5463	6	-	100.0	-	2-0-2	83.3	- ST5463
ST3586	6	-	100.0	-	0-0-0	100.0	- ST3586
ST6856	6	-	100.0	-	0-0-0	100.0	- ST6856
ST10721	6	-	100.0	-	0-0-0	100.0	- ST10721
ST763	6	-	66.7	-	0-0-57	100.0	- ST763
ST15377	6	-	100.0	-	0-0-0	100.0	- ST15377
ST5979	6	-	100.0	-	0-39-0	100.0	- ST5979
ST2722	6	-	100.0	-	0-0-0	100.0	- ST2722
ST-2	6	-	100.0	-	-	66.7	- ST-2
ST3995	6	-	100.0	-	0-0-0	100.0	- ST3995
ST3306	6	-	100.0	-	0-1-14	100.0	- ST3306
ST3037	6	EPEC	100.0	EPEC	0-0-0	100.0	EPEC ST3037
ST180	6	-	100.0	-	0-0-0	100.0	- ST180
ST1798	6	-	100.0	-	0-0-2	100.0	- ST1798
ST10936	6	-	100.0	-	0-0-3	100.0	- ST10936
ST9840	6	Shigella dysenteriae	100.0	Sd	0-36-0	100.0	Sd ST9840
ST976	6	-	100.0	-	0-0-0	83.3	- ST976
ST-1726	6	-	100.0	-	0-1-11	100.0	- ST-1726
ST783	6	-	100.0	-	0-0-0	100.0	- ST783
ST580	6	-	100.0	-	0-0-0	100.0	- ST580
ST9274	6	-	100.0	-	0-0-0	100.0	- ST9274
ST170	6	-	100.0	-	0-0-0	100.0	- ST170
ST6265	6	STEC	100.0	STEC	0-0-0	100.0	STEC ST6265
ST6284	6	-	100.0	-	0-0-6	100.0	- ST6284
ST16719	6	-	100.0	-	3-28-0	100.0	- ST16719
ST11820	6	-	100.0	-	0-1-13	100.0	- ST11820
ST8318	6	-	100.0	-	0-0-166	100.0	- ST8318
ST7056	6	-	100.0	-	0-124-0	100.0	- ST7056
ST4712	6	-	100.0	-	0-0-0	100.0	- ST4712
ST3692	6	ETEC/STEC	83.3	ETEC/STEC	0-28-0	83.3	ETEC/STEC ST3692
ST9069	6	-	100.0	-	0-0-112	100.0	- ST9069
ST6698	6	-	100.0	-	0-1-18	100.0	- ST6698
ST9461	6	-	100.0	-	0-0-0	100.0	- ST9461
ST6999	6	-	100.0	-	0-1-1	100.0	- ST6999
ST-3376	6	-	83.3	-	0-0-3	100.0	- ST-3376
ST725	6	EPEC	100.0	EPEC	0-10-4	100.0	EPEC ST725
ST2171	6	-	100.0	-	0-49-0	100.0	- ST2171
ST14462	6	-	100.0	-	3-23-0	100.0	- ST14462
ST7395	6	-	100.0	-	0-0-9	100.0	- ST7395
ST12387	6	-	100.0	-	0-0-0	100.0	- ST12387
ST4656	6	-	83.3	-	0-0-0	100.0	- ST4656
ST17583	6	-	100.0	-	0-0-0	100.0	- ST17583
ST5434	6	-	100.0	-	03/02/2000	100.0	- ST5434
ST8412	6	-	100.0	-	0-13-0	100.0	- ST8412
ST7958	6	E. albertii	100.0	E. albertii	1-24-0	100.0	E. albertii ST7958
ST7098	6	-	100.0	-	0-0-0	100.0	- ST7098
ST526	6	EPEC	100.0	EPEC	0-9-0	100.0	EPEC ST526
ST11944	6	-	100.0	-	3-17-0	100.0	- ST11944
ST6833	6	-	100.0	-	0-0-0	100.0	- ST6833
ST1788	6	-	66.7	-	0-0-0	100.0	- ST1788
ST1994	6	-	100.0	-	0-1-15	100.0	- ST1994
ST6697	6	-	100.0	-	0-0-0	100.0	- ST6697
ST4566	6	-	100.0	-	0-0-0	100.0	- ST4566
ST1176	6	ETEC/STEC	100.0	ETEC/STEC	0-95-0	100.0	ETEC/STEC ST1176
ST15184	6	ETEC	100.0	ETEC	0-0-0	100.0	ETEC ST15184
ST1643	6	-	100.0	-	0-1-50	100.0	- ST1643
ST3666	6	-	100.0	-	0-0-5	100.0	- ST3666
ST7858	6	EHEC	100.0	EHEC	0-0-1	100.0	EHEC ST7858
ST5159	6	Shigella dysenteriae	100.0	Sd	0-36-0	100.0	Sd ST5159
ST4985	6	-	100.0	-	0-0-0	100.0	- ST4985
ST253	6	Shigella dysenteriae	100.0	Sd	0-6-1	100.0	Sd ST253
ST18962	6	E. albertii	100.0	E. albertii	1-40-0	100.0	E. albertii ST18962
ST2650	6	-	100.0	-	0-1-19	100.0	- ST2650
ST3640	6	-	100.0	-	0-0-0	100.0	- ST3640
ST2186	6	-	100.0	-	0-0-0	100.0	- ST2186
ST14931	6	-	100.0	-	0-43-13	100.0	- ST14931
ST6751	6	-	100.0	-	0-0-0	100.0	- ST6751
ST6691	6	-	100.0	-	0-0-0	100.0	- ST6691
ST2539	6	-	100.0	-	0-0-0	100.0	- ST2539
ST1137	6	-	100.0	-	0-0-0	100.0	- ST1137
ST2011	6	-	100.0	-	0-8-0	100.0	- ST2011
ST5897	6	-	100.0	-	0-17-0	100.0	- ST5897
ST2349	6	-	100.0	-	0-0-0	100.0	- ST2349
ST6781	6	-	100.0	-	0-0-0	100.0	- ST6781
ST6002	6	-	100.0	-	0-0-0	100.0	- ST6002
ST330	6	ETEC/EHEC	83.3	ETEC/EHEC	0-0-0	100.0	ETEC/EHEC ST330
ST18067	5	EPEC	100.0	EPEC	0-1-6	100.0	EPEC ST18067
ST-1761	5	STEC	40.0	STEC	0-0-0	100.0	STEC ST-1761
ST2164	5	-	100.0	-	0-0-0	100.0	- ST2164
ST5675	5	-	100.0	-	0-0-0	80.0	- ST5675
ST6654	5	EHEC	80.0	EHEC	0-0-2	100.0	EHEC ST6654
ST1130	5	Shigella boydii	100.0	Sb	0-6-0	100.0	Sb ST1130
ST12336	5	ETEC/STEC	100.0	ETEC/STEC	0-0-0	100.0	ETEC/STEC ST12336
ST7308	5	-	100.0	-	0-0-0	100.0	- ST7308
ST18441	5	-	100.0	-	03/04/2001	100.0	- ST18441
ST15020	5	-	100.0	-	0-0-5	100.0	- ST15020
ST6665	5	-	100.0	-	0-0-0	100.0	- ST6665
ST662	5	-	80.0	-	0-18-0	100.0	- ST662
ST2541	5	-	60.0	-	0-0-0	100.0	- ST2541
ST-3391	5	-	100.0	-	0-1-4	100.0	- ST-3391
ST16736	5	-	100.0	-	3-19-1	100.0	- ST16736
ST16278	5	Shigella flexneri	100.0	Sf	0-3-0	100.0	Sf ST16278
ST9185	5	STEC	100.0	STEC	0-179-0	100.0	STEC ST9185
ST4577	5	-	100.0	-	0-0-89	100.0	- ST4577
ST4014	5	-	100.0	-	0-0-0	100.0	- ST4014
ST11091	5	-	100.0	-	0-1-4	100.0	- ST11091
ST9241	5	-	100.0	-	0-1-1	100.0	- ST9241
ST1735	5	-	100.0	-	0-1-0	100.0	- ST1735
ST11478	5	E. albertii	100.0	E. albertii	1-0-5	100.0	E. albertii ST11478
ST18478	5	-	100.0	-	3-31-0	100.0	- ST18478
ST4470	5	-	100.0	-	0-0-0	100.0	- ST4470
ST480	5	-	100.0	-	0-0-0	100.0	- ST480
ST16312	5	-	100.0	-	0-13-0	100.0	- ST16312
ST3205	5	-	100.0	-	0-0-0	100.0	- ST3205
ST14927	5	-	100.0	-	0-0-128	100.0	- ST14927
ST13837	5	-	100.0	-	0-0-0	100.0	- ST13837
ST6643	5	-	100.0	-	0-0-11	100.0	- ST6643
ST5945	5	-	100.0	-	0-0-0	100.0	- ST5945
ST-3683	5	-	100.0	-	0-0-0	100.0	- ST-3683
ST4704	5	-	100.0	-	0-0-0	100.0	- ST4704
ST6373	5	EPEC	100.0	EPEC	0-78-0	100.0	EPEC ST6373
ST728	5	-	100.0	-	0-0-20	100.0	- ST728
ST3030	5	-	100.0	-	0-0-0	100.0	- ST3030
ST8823	5	-	100.0	-	0-0-0	100.0	- ST8823
ST846	5	-	100.0	-	0-45-0	80.0	- ST846
ST16746	5	-	100.0	-	03/03/2001	100.0	- ST16746
ST13096	5	-	100.0	-	0-0-0	100.0	- ST13096
ST1807	5	-	100.0	-	0-0-0	100.0	- ST1807
ST5420	5	-	60.0	-	0-0-0	100.0	- ST5420
ST7373	5	Shigella sonnei	100.0	Ss	0-2-0	100.0	Ss ST7373
ST5486	5	EHEC	100.0	EHEC	0-0-7	100.0	EHEC ST5486
ST4151	5	-	100.0	-	0-15-1	100.0	- ST4151
ST3042	5	-	100.0	-	0-21-1	100.0	- ST3042
ST14603	5	-	100.0	-	0-1-11	100.0	- ST14603
ST5389	5	-	100.0	-	0-1-3	100.0	- ST5389
ST5937	5	STEC	60.0	STEC	0-0-0	100.0	STEC ST5937
ST12637	5	EPEC	100.0	EPEC	0-0-0	100.0	EPEC ST12637
ST5761	5	-	100.0	-	0-0-0	100.0	- ST5761
ST10166	5	-	100.0	-	03/12/2000	100.0	- ST10166
ST1725	5	-	100.0	-	0-0-0	100.0	- ST1725
ST4373	5	-	100.0	-	0-82-0	100.0	- ST4373
ST5931	5	-	100.0	-	0-0-27	100.0	- ST5931
ST10320	5	-	100.0	-	0-1-0	100.0	- ST10320
ST3574	5	-	100.0	-	0-0-0	100.0	- ST3574
ST6712	5	-	100.0	-	0-0-0	100.0	- ST6712
ST5278	5	EPEC	100.0	EPEC	0-10-0	100.0	EPEC ST5278
ST640	5	-	100.0	-	0-4-9	100.0	- ST640
ST2617	5	-	100.0	-	0-11-0	100.0	- ST2617
ST6702	5	-	100.0	-	0-0-0	100.0	- ST6702
ST15108	5	-	100.0	-	0-0-101	100.0	- ST15108
ST2313	5	-	100.0	-	0-0-0	100.0	- ST2313
ST3998	5	-	100.0	-	0-0-0	100.0	- ST3998
ST730	5	ETEC	40.0	ETEC	0-0-0	100.0	ETEC ST730
ST6707	5	-	100.0	-	0-0-0	100.0	- ST6707
ST5173	5	-	100.0	-	0-0-68	100.0	- ST5173
ST6091	5	-	100.0	-	0-1-4	100.0	- ST6091
ST5344	5	ETEC	100.0	ETEC	0-0-0	100.0	ETEC ST5344
ST11989	5	-	100.0	-	3-20-0	100.0	- ST11989
ST85	5	-	100.0	-	0-0-0	100.0	- ST85
ST5484	5	-	100.0	-	0-1-1	100.0	- ST5484
ST1551	5	-	100.0	-	0-0-15	100.0	- ST1551
ST1394	5	-	100.0	-	0-0-3	80.0	- ST1394
ST7934	5	-	100.0	-	03/08/2000	100.0	- ST7934
ST5628	5	-	80.0	-	0-0-105	100.0	- ST5628
ST5459	5	-	100.0	-	0-16-2	80.0	- ST5459
ST707	5	-	100.0	-	0-0-0	100.0	- ST707
ST4121	5	ETEC	100.0	ETEC	0-0-0	100.0	ETEC ST4121
ST13637	5	-	100.0	-	0-0-0	100.0	- ST13637
ST5263	5	EIEC	100.0	EIEC	0-0-17	100.0	EIEC ST5263
ST2163	5	-	100.0	-	0-0-0	100.0	- ST2163
ST8097	5	-	100.0	-	0-0-0	100.0	- ST8097
ST1703	5	-	100.0	-	0-0-0	100.0	- ST1703
ST11476	5	EPEC	100.0	EPEC	0-0-1	100.0	EPEC ST11476
ST15540	5	Shigella flexneri	100.0	Sf	0-3-0	100.0	Sf ST15540
ST8883	5	Shigella sonnei	100.0	Ss	0-2-0	100.0	Ss ST8883
ST18321	5	-	80.0	-	0-272-0	100.0	- ST18321
ST758	5	-	100.0	-	0-0-0	100.0	- ST758
ST16804	5	-	100.0	-	0-18-0	100.0	- ST16804
ST745	5	-	80.0	-	0-0-0	100.0	- ST745
ST5559	5	STEC	100.0	STEC	0-0-0	100.0	STEC ST5559
ST12800	5	-	100.0	-	3-21-0	100.0	- ST12800
ST-1151	5	Shigella boydii	100.0	Sb	0-12-1	100.0	Sb ST-1151
ST-1154	5	-	100.0	-	0-0-0	100.0	- ST-1154
ST8937	5	-	100.0	-	0-17-8	100.0	- ST8937
ST7694	5	Shigella sonnei	100.0	Ss	0-2-0	100.0	Ss ST7694
ST12471	5	-	100.0	-	0-0-0	100.0	- ST12471
ST-795	5	EHEC	100.0	EHEC	0-0-2	100.0	EHEC ST-795
ST5619	5	Shigella boydii	100.0	Sb	0-12-1	100.0	Sb ST5619
ST16702	5	-	100.0	-	3-32-0	100.0	- ST16702
ST1237	5	-	100.0	-	0-0-0	100.0	- ST1237
ST3997	5	-	100.0	-	0-0-0	100.0	- ST3997
ST5500	5	-	100.0	-	2-0-8	100.0	- ST5500
ST13368	5	EPEC	100.0	EPEC	0-0-0	100.0	EPEC ST13368
ST1154	5	-	100.0	-	0-1-0	100.0	- ST1154
ST703	5	-	100.0	-	0-1-7	100.0	- ST703
ST3892	5	-	100.0	-	0-0-0	100.0	- ST3892
ST-1122	5	-	100.0	-	0-0-0	100.0	- ST-1122
ST10452	5	Shigella flexneri	100.0	Sf	0-3-0	100.0	Sf ST10452
ST8577	5	-	100.0	-	0-0-0	100.0	- ST8577
ST6223	5	-	100.0	-	0-0-0	100.0	- ST6223
ST1761	5	Shigella dysenteriae	100.0	Sd	0-12-0	100.0	Sd ST1761
ST1720	5	-	100.0	-	0-0-0	100.0	- ST1720
ST1257	5	-	100.0	-	0-1-25	100.0	- ST1257
ST12526	5	-	100.0	-	0-0-0	100.0	- ST12526
ST8608	5	-	100.0	-	0-0-0	100.0	- ST8608
ST16696	5	-	100.0	-	3-20-1	100.0	- ST16696
ST16124	5	-	100.0	-	03/06/2000	100.0	- ST16124
ST11825	5	-	100.0	-	2-0-3	100.0	- ST11825
ST15767	5	Shigella flexneri	100.0	Sf	0-3-0	100.0	Sf ST15767
ST8852	5	-	100.0	-	0-162-0	100.0	- ST8852
ST658	5	STEC	100.0	STEC	0-0-25	100.0	STEC ST658
ST5797	5	-	100.0	-	0-8-2	100.0	- ST5797
ST1199	5	E. albertii	100.0	E. albertii	01/02/2003	100.0	E. albertii ST1199
ST5730	5	-	100.0	-	0-0-0	100.0	- ST5730
ST16353	5	-	100.0	-	0-4-0	100.0	- ST16353
ST8651	5	-	100.0	-	0-17-0	100.0	- ST8651
ST10011	5	-	100.0	-	0-0-0	100.0	- ST10011
ST4598	5	-	100.0	-	0-0-122	100.0	- ST4598
ST6466	5	-	100.0	-	0-0-0	100.0	- ST6466
ST193	5	-	100.0	-	0-0-0	100.0	- ST193
ST8887	5	-	100.0	-	0-1-14	100.0	- ST8887
ST6402	5	-	100.0	-	0-0-0	100.0	- ST6402
ST1495	5	-	100.0	-	0-0-0	100.0	- ST1495
ST8262	5	-	100.0	-	0-0-0	100.0	- ST8262
ST6052	5	E. albertii	100.0	E. albertii	01/02/2000	100.0	E. albertii ST6052
ST5736	5	STEC	100.0	STEC	0-63-0	100.0	STEC ST5736
ST6049	5	E. albertii	100.0	E. albertii	1-0-0	100.0	E. albertii ST6049
ST344	5	ETEC/STEC	80.0	ETEC/STEC	0-0-0	100.0	ETEC/STEC ST344
ST6732	5	-	100.0	-	0-0-23	100.0	- ST6732
ST1944	5	-	100.0	-	0-0-118	100.0	- ST1944
ST-3584	5	-	100.0	-	2-0-1	100.0	- ST-3584
ST6007	5	-	100.0	-	0-0-0	60.0	- ST6007
ST9120	5	-	100.0	-	0-0-0	100.0	- ST9120
ST6629	5	EHEC	100.0	EHEC	0-0-132	100.0	EHEC ST6629
ST6506	5	EPEC	100.0	EPEC	0-48-0	100.0	EPEC ST6506
ST3897	5	-	100.0	-	0-0-0	100.0	- ST3897
ST10392	5	-	100.0	-	0-0-0	100.0	- ST10392
ST13744	5	-	100.0	-	03/01/2003	100.0	- ST13744
ST4685	5	E. albertii	100.0	E. albertii	1-0-3	100.0	E. albertii ST4685
ST8579	5	-	80.0	-	0-0-0	100.0	- ST8579
ST7099	5	-	100.0	-	0-0-0	100.0	- ST7099
ST8939	5	-	100.0	-	0-4-21	100.0	- ST8939
ST17060	5	-	100.0	-	2-0-60	100.0	- ST17060
ST391	5	-	100.0	-	0-0-5	100.0	- ST391
ST12733	5	-	100.0	-	0-0-0	100.0	- ST12733
ST6635	5	-	100.0	-	0-0-0	100.0	- ST6635
ST2739	5	-	100.0	-	0-0-0	100.0	- ST2739
ST841	5	-	100.0	-	0-0-0	100.0	- ST841
ST8926	5	-	100.0	-	0-108-0	100.0	- ST8926
ST6202	5	Shigella flexneri	100.0	Sf	0-3-0	100.0	Sf ST6202
ST-3474	5	-	100.0	-	03/03/2001	100.0	- ST-3474
ST-689	5	Shigella flexneri	100.0	Sf	0-3-0	100.0	Sf ST-689
ST8951	5	-	100.0	-	0-1-69	100.0	- ST8951
ST618	5	-	100.0	-	0-77-0	100.0	- ST618
ST16156	5	-	100.0	-	0-0-0	100.0	- ST16156
ST7091	5	-	100.0	-	0-0-0	100.0	- ST7091
ST11867	5	-	100.0	-	0-1-9	100.0	- ST11867
ST9748	5	-	100.0	-	0-4-0	100.0	- ST9748
ST257	5	Shigella boydii	100.0	Sb	0-12-0	100.0	Sb ST257
ST997	5	-	100.0	-	0-0-77	100.0	- ST997
ST396	5	EPEC	80.0	EPEC	0-0-1	80.0	EPEC ST396
ST5363	5	-	100.0	-	0-0-0	80.0	- ST5363
ST2604	5	-	100.0	-	0-1-3	100.0	- ST2604
ST8938	5	-	100.0	-	0-0-44	100.0	- ST8938
ST6288	5	-	100.0	-	0-0-0	100.0	- ST6288
ST941	5	EPEC	100.0	EPEC	0-1-45	100.0	EPEC ST941
ST9378	5	-	100.0	-	0-0-0	100.0	- ST9378
ST14941	5	-	100.0	-	0-129-7	100.0	- ST14941
ST2847	5	-	100.0	-	0-0-22	100.0	- ST2847
ST5479	5	Shigella sonnei	100.0	Ss	0-2-0	100.0	Ss ST5479
ST7786	5	-	100.0	-	0-0-0	100.0	- ST7786
ST7101	5	-	100.0	-	0-0-0	100.0	- ST7101
ST2217	5	-	60.0	-	0-0-37	100.0	- ST2217
ST2356	5	EPEC	100.0	EPEC	0-10-8	100.0	EPEC ST2356
ST4054	5	-	100.0	-	0-0-0	100.0	- ST4054
ST11895	5	-	100.0	-	0-0-3	100.0	- ST11895
ST5073	5	-	100.0	-	0-0-0	100.0	- ST5073
ST1615	5	-	100.0	-	0-0-0	100.0	- ST1615
ST651	5	Shigella flexneri	100.0	Sf	0-3-0	100.0	Sf ST651
ST124	5	-	100.0	-	0-0-0	100.0	- ST124
ST5824	5	-	100.0	-	0-0-0	100.0	- ST5824
ST18969	5	E. albertii	100.0	E. albertii	1-0-0	100.0	E. albertii ST18969
ST672	5	STEC	100.0	STEC	0-0-0	100.0	STEC ST672
ST11917	5	-	100.0	-	0-0-0	100.0	- ST11917
ST13248	5	-	100.0	-	0-17-12	100.0	- ST13248
ST7350	5	-	100.0	-	2-0-23	100.0	- ST7350
ST11549	5	-	100.0	-	0-0-0	100.0	- ST11549
ST2526	5	-	80.0	-	0-0-0	100.0	- ST2526
ST8828	5	-	100.0	-	0-0-5	100.0	- ST8828
ST8298	5	Shigella flexneri	100.0	Sf	0-3-0	100.0	Sf ST8298
ST15381	5	-	100.0	-	0-0-0	100.0	- ST15381
ST1704	5	-	100.0	-	0-0-0	100.0	- ST1704
ST7174	5	-	100.0	-	0-0-0	100.0	- ST7174
ST2436	5	-	100.0	-	0-0-19	100.0	- ST2436
ST-1733	5	-	100.0	-	0-4-0	100.0	- ST-1733
ST11380	5	-	100.0	-	0-4-0	100.0	- ST11380
ST208	5	-	100.0	-	0-0-0	100.0	- ST208
ST-3519	5	-	100.0	-	3-20-1	100.0	- ST-3519
ST2088	5	EPEC	100.0	EPEC	0-22-1	100.0	EPEC ST2088
ST8885	5	-	100.0	-	0-1-8	100.0	- ST8885
ST6316	5	-	100.0	-	0-0-0	100.0	- ST6316
